lon,lat,caseNumber,date,commonDamageName,year,dist
121.56865596771242,25.056347624698777,20252577,2025-12-31,褐根病,2025,松山區
121.56859159469606,25.055747546818182,20252576,2025-12-31,褐根病,2025,松山區
121.568592,25.055747,20252575,2025-12-31,褐根病,2025,松山區
121.552488,25.053516,20252574,2025-12-31,褐根病,2025,松山區
121.552488,25.053516,20252573,2025-12-31,褐根病,2025,松山區
121.5290608,25.0531587,20252570,2025-12-31,褐根病,2025,中山區
121.5290608,25.0531587,20252569,2025-12-31,褐根病,2025,中山區
121.5146969,25.0256168,20252561,2025-12-29,褐根病,2025,中正區
121.5127785,25.0634649,20252538,2025-12-23,褐根病,2025,大同區
121.5127785,25.0634649,20252537,2025-12-23,褐根病,2025,大同區
121.5127785,25.0634649,20252536,2025-12-23,褐根病,2025,大同區
121.5127785,25.0634649,20252535,2025-12-23,褐根病,2025,大同區
121.5127785,25.0634649,20252534,2025-12-23,褐根病,2025,大同區
121.575962,25.082241,20252533,2025-12-22,褐根病,2025,內湖區
121.531226,25.069975,20252523,2025-12-22,褐根病,2025,中山區
121.531226,25.069975,20252522,2025-12-22,褐根病,2025,中山區
121.531226,25.069975,20252521,2025-12-22,褐根病,2025,中山區
121.531226,25.069975,20252520,2025-12-22,褐根病,2025,中山區
121.563517,24.987499,20252514,2025-12-16,褐根病,2025,文山區
121.563517,24.987499,20252513,2025-12-16,褐根病,2025,文山區
121.563517,24.987499,20252512,2025-12-16,褐根病,2025,文山區
121.563517,24.987499,20252511,2025-12-16,褐根病,2025,文山區
121.4965906,25.028032,20252510,2025-12-17,褐根病,2025,萬華區
121.563517,24.987499,20252509,2025-12-16,褐根病,2025,文山區
121.563517,24.987499,20252508,2025-12-16,褐根病,2025,文山區
121.56826,25.0643248,20252475,2025-11-24,褐根病,2025,松山區
121.5697587,25.0574605,20252474,2025-11-24,褐根病,2025,松山區
121.5702401,25.054519,20252473,2025-11-24,褐根病,2025,松山區
121.5786593,25.0518656,20252472,2025-11-24,褐根病,2025,松山區
121.56826,25.0643248,20252471,2025-11-24,褐根病,2025,松山區
121.5519663,25.0591817,20252470,2025-11-24,褐根病,2025,松山區
121.514363,25.025137,250019,2025-12-11,褐根病,2025,中正區
121.514363,25.025137,250018,2025-12-11,褐根病,2025,中正區
121.514363,25.025137,250017,2025-12-11,褐根病,2025,中正區
121.540781,24.989527,20160210,2016-02-17,褐根病,2016,文山區
121.540781,24.989527,20160212,2016-02-17,褐根病,2016,文山區
121.540781,24.989527,20160213,2016-02-17,褐根病,2016,文山區
121.540781,24.989527,20160214,2016-02-17,褐根病,2016,文山區
121.540781,24.989527,20160215,2016-02-17,褐根病,2016,文山區
121.569361,25.057639,20160221,2016-02-18,褐根病,2016,松山區
121.549095,25.020009,20160230,2016-02-18,褐根病,2016,大安區
121.55032,25.018672,20160236,2016-02-18,褐根病,2016,大安區
121.569361,25.057639,20160218,2016-02-18,褐根病,2016,松山區
121.506592,25.138791,20160257,2016-02-20,褐根病,2016,北投區
121.530163,25.049769,20160260,2016-02-22,褐根病,2016,中山區
121.530163,25.049769,20160261,2016-02-22,褐根病,2016,中山區
121.530163,25.049769,20160263,2016-02-22,褐根病,2016,中山區
121.530163,25.049769,20160264,2016-02-22,褐根病,2016,中山區
121.530163,25.049769,20160265,2016-02-22,褐根病,2016,中山區
121.568898,25.060384,20160277,2016-02-24,褐根病,2016,松山區
121.518509,25.092067,20160322,2016-03-09,褐根病,2016,士林區
121.521827,25.034652,20160366,2016-03-21,褐根病,2016,中正區
121.521827,25.034652,20160365,2016-03-21,褐根病,2016,中正區
121.616156,25.042259,20160367,2016-03-22,褐根病,2016,南港區
121.542447,25.136175,20160425,2016-03-29,褐根病,2016,士林區
121.593715,25.009132,20160461,2016-04-11,褐根病,2016,文山區
121.530163,25.049769,20160465,2016-04-12,褐根病,2016,中山區
121.530163,25.049769,20160466,2016-04-12,褐根病,2016,中山區
121.530163,25.049769,20160467,2016-04-12,褐根病,2016,中山區
121.530163,25.049769,20160468,2016-04-12,褐根病,2016,中山區
121.530163,25.049769,20160469,2016-04-12,褐根病,2016,中山區
121.530163,25.049769,20160470,2016-04-12,褐根病,2016,中山區
121.530163,25.049769,20160471,2016-04-12,褐根病,2016,中山區
121.584567,25.055718,20160502,2016-04-20,褐根病,2016,內湖區
121.529907,25.049991,20160513,2016-04-22,褐根病,2016,中山區
121.512715,25.03488,20160516,2016-04-25,褐根病,2016,中正區
121.513135,25.034149,20160522,2016-04-25,褐根病,2016,中正區
121.512381,25.029178,20160523,2016-04-25,褐根病,2016,中正區
121.519995,25.045221,20160557,2016-04-25,褐根病,2016,中正區
121.549429,25.05304,20160552,2016-04-28,褐根病,2016,松山區
121.613804,25.047494,20160559,2016-04-29,褐根病,2016,南港區
121.613804,25.047494,20160560,2016-04-29,褐根病,2016,南港區
121.613804,25.047494,20160561,2016-04-29,褐根病,2016,南港區
121.613804,25.047494,20160563,2016-04-29,褐根病,2016,南港區
121.613804,25.047494,20160564,2016-04-29,褐根病,2016,南港區
121.613804,25.047494,20160565,2016-04-29,褐根病,2016,南港區
121.613804,25.047494,20160566,2016-04-29,褐根病,2016,南港區
121.613804,25.047494,20160567,2016-04-29,褐根病,2016,南港區
121.613804,25.047494,20160569,2016-04-29,褐根病,2016,南港區
121.613535,25.041378,20160571,2016-04-29,褐根病,2016,南港區
121.613804,25.047494,20160568,2016-04-29,褐根病,2016,南港區
121.616156,25.042259,20160599,2016-05-07,褐根病,2016,南港區
121.616156,25.042259,20160598,2016-05-07,褐根病,2016,南港區
121.575688,25.081617,20160637,2016-05-17,褐根病,2016,內湖區
121.505511,25.030201,20160645,2016-05-19,褐根病,2016,中正區
121.565513,25.081656,20160661,2016-05-23,褐根病,2016,內湖區
121.565513,25.081656,20160663,2016-05-23,褐根病,2016,內湖區
121.583031,25.058592,20160665,2016-05-23,褐根病,2016,內湖區
121.55935,25.043684,20160681,2016-05-25,褐根病,2016,信義區
121.55935,25.043684,20160682,2016-05-25,褐根病,2016,信義區
121.55935,25.043684,20160683,2016-05-25,褐根病,2016,信義區
121.583031,25.058592,20160692,2016-05-27,褐根病,2016,內湖區
121.583031,25.058592,20160693,2016-05-27,褐根病,2016,內湖區
121.58595,25.048172,20160703,2016-05-31,褐根病,2016,南港區
121.516235,25.09511,20160715,2016-06-01,褐根病,2016,士林區
121.576583,25.082508,20160724,2016-06-01,褐根病,2016,內湖區
121.515877,25.095662,20160716,2016-06-01,褐根病,2016,士林區
121.516111,25.095329,20160732,2016-06-02,褐根病,2016,士林區
121.519995,25.045221,20160784,2016-06-06,褐根病,2016,中正區
121.507033,25.022269,20160785,2016-06-07,褐根病,2016,萬華區
121.536335,25.01376,20160830,2016-06-21,褐根病,2016,大安區
121.543068,25.052768,20160897,2016-06-29,褐根病,2016,中山區
121.535086,25.054904,20160891,2016-06-29,褐根病,2016,中山區
121.543068,25.052768,20160892,2016-06-29,褐根病,2016,中山區
121.543068,25.052768,20160893,2016-06-29,褐根病,2016,中山區
121.543068,25.052768,20160894,2016-06-29,褐根病,2016,中山區
121.543068,25.052768,20160895,2016-06-29,褐根病,2016,中山區
121.538908,24.998665,20160971,2016-07-13,褐根病,2016,文山區
121.563721,25.033039,20160981,2016-07-14,褐根病,2016,信義區
121.586908,25.04688,20160834,2016-07-14,褐根病,2016,南港區
121.586908,25.04688,20160833,2016-07-14,褐根病,2016,南港區
121.523687,25.042334,20160975,2016-07-14,褐根病,2016,中正區
121.554932,25.050428,20160850,2016-07-15,褐根病,2016,松山區
121.56297,25.060937,20160984,2016-07-15,褐根病,2016,松山區
121.568,25.064977,20160999,2016-07-18,褐根病,2016,松山區
121.570413,25.053638,20161002,2016-07-18,褐根病,2016,松山區
121.569919,25.056784,20161003,2016-07-18,褐根病,2016,松山區
121.586908,25.04688,20161022,2016-07-21,褐根病,2016,南港區
121.586908,25.04688,20161038,2016-07-25,褐根病,2016,南港區
121.565695,25.043745,20160960,2016-08-01,褐根病,2016,信義區
121.565695,25.043745,20160961,2016-08-01,褐根病,2016,信義區
121.544325,25.058696,20161046,2016-08-01,褐根病,2016,松山區
121.516117,25.033944,20161047,2016-08-01,褐根病,2016,中正區
121.576697,25.082455,20161059,2016-08-02,褐根病,2016,內湖區
121.56821,25.063749,20161111,2016-08-12,褐根病,2016,松山區
121.54617,25.029397,20161106,2016-08-12,褐根病,2016,大安區
121.54617,25.029397,20161104,2016-08-12,褐根病,2016,大安區
121.54617,25.029397,20161105,2016-08-12,褐根病,2016,大安區
121.593332,25.050458,20161120,2016-08-17,褐根病,2016,南港區
121.51785,25.086207,20161126,2016-08-18,褐根病,2016,士林區
121.509069,25.035266,20161125,2016-08-18,褐根病,2016,中正區
121.525318,25.020144,20161133,2016-08-22,褐根病,2016,中正區
121.619539,25.040245,20161170,2016-08-29,褐根病,2016,南港區
121.619539,25.040245,20161171,2016-08-29,褐根病,2016,南港區
121.505163,25.138372,20161216,2016-09-01,褐根病,2016,北投區
121.619539,25.040245,20161220,2016-09-05,褐根病,2016,南港區
121.504618,25.036077,20161351,2016-09-22,褐根病,2016,萬華區
121.504618,25.036077,20161353,2016-09-22,褐根病,2016,萬華區
121.555921,25.054724,20161356,2016-09-26,褐根病,2016,松山區
121.594147,25.054538,20161320,2016-10-03,褐根病,2016,南港區
121.549071,25.020004,20161374,2016-10-03,褐根病,2016,大安區
121.509069,25.035266,20161382,2016-10-03,褐根病,2016,中正區
121.509069,25.035266,20161383,2016-10-03,褐根病,2016,中正區
121.509069,25.035266,20161384,2016-10-03,褐根病,2016,中正區
121.509069,25.035266,20161385,2016-10-03,褐根病,2016,中正區
121.491229,25.030857,20161392,2016-10-03,褐根病,2016,萬華區
121.491229,25.030857,20161393,2016-10-06,褐根病,2016,萬華區
121.491229,25.030857,20161395,2016-10-06,褐根病,2016,萬華區
121.497868,25.023163,20161408,2016-10-07,褐根病,2016,萬華區
121.565541,25.084585,20161364,2016-10-07,褐根病,2016,內湖區
121.51571,25.056387,20161415,2016-10-07,褐根病,2016,大同區
121.51571,25.056387,20161416,2016-10-07,褐根病,2016,大同區
121.51571,25.056387,20161417,2016-10-07,褐根病,2016,大同區
121.51571,25.056387,20161418,2016-10-07,褐根病,2016,大同區
121.51571,25.056387,20161420,2016-10-07,褐根病,2016,大同區
121.51571,25.056387,20161423,2016-10-07,褐根病,2016,大同區
121.516297,25.060272,20161400,2016-10-07,褐根病,2016,大同區
121.51571,25.056387,20161424,2016-10-07,褐根病,2016,大同區
121.507735,25.126808,20161456,2016-10-14,褐根病,2016,北投區
121.507848,25.12658,20161455,2016-10-14,褐根病,2016,北投區
121.507901,25.126496,20161454,2016-10-14,褐根病,2016,北投區
121.542808,25.012408,20161460,2016-10-20,褐根病,2016,大安區
121.619763,25.071945,20161469,2016-10-20,褐根病,2016,內湖區
121.619489,25.070706,20161468,2016-10-20,褐根病,2016,內湖區
121.619704,25.071941,20161472,2016-10-21,褐根病,2016,內湖區
121.619666,25.071941,20161471,2016-10-21,褐根病,2016,內湖區
121.51785,25.086207,20161465,2016-10-21,褐根病,2016,士林區
121.504201,25.134449,20161464,2016-10-21,褐根病,2016,北投區
121.504201,25.134449,20161463,2016-10-21,褐根病,2016,北投區
121.504201,25.134449,20161462,2016-10-21,褐根病,2016,北投區
121.557639,24.983727,20161489,2016-10-26,褐根病,2016,文山區
121.557639,24.983727,20161490,2016-10-26,褐根病,2016,文山區
121.557639,24.983727,20161491,2016-10-26,褐根病,2016,文山區
121.565427,25.032964,20161594,2016-11-02,褐根病,2016,信義區
121.482442,25.105869,20161624,2016-11-04,褐根病,2016,士林區
121.482442,25.105869,20161623,2016-11-04,褐根病,2016,士林區
121.51571,25.056387,20161622,2016-11-04,褐根病,2016,大同區
121.51571,25.056387,20161621,2016-11-04,褐根病,2016,大同區
121.51571,25.056387,20161620,2016-11-04,褐根病,2016,大同區
121.51571,25.056387,20161618,2016-11-04,褐根病,2016,大同區
121.542808,25.012408,20161649,2016-11-14,褐根病,2016,大安區
121.542808,25.012408,20161650,2016-11-14,褐根病,2016,大安區
121.580112,25.034963,20161742,2016-11-30,褐根病,2016,信義區
121.580112,25.034963,20161744,2016-11-30,褐根病,2016,信義區
121.580112,25.034963,20161745,2016-11-30,褐根病,2016,信義區
121.580112,25.034963,20161746,2016-11-30,褐根病,2016,信義區
121.580112,25.034963,20161747,2016-11-30,褐根病,2016,信義區
121.522529,25.045261,20161782,2016-12-06,褐根病,2016,中正區
121.523687,25.042334,20161777,2016-12-08,褐根病,2016,中正區
121.562292,25.062525,20161835,2016-12-21,褐根病,2016,松山區
121.562292,25.062525,20161836,2016-12-21,褐根病,2016,松山區
121.562292,25.062525,20161834,2016-12-21,褐根病,2016,松山區
121.562292,25.062525,20161833,2016-12-21,褐根病,2016,松山區
121.562292,25.062525,20161832,2016-12-21,褐根病,2016,松山區
121.562292,25.062525,20161825,2016-12-21,褐根病,2016,松山區
121.562292,25.062525,20161827,2016-12-21,褐根病,2016,松山區
121.562292,25.062525,20161828,2016-12-21,褐根病,2016,松山區
121.562292,25.062525,20161829,2016-12-21,褐根病,2016,松山區
121.562292,25.062525,20161830,2016-12-21,褐根病,2016,松山區
121.562292,25.062525,20161831,2016-12-21,褐根病,2016,松山區
121.5155,25.094309,20161852,2016-12-29,褐根病,2016,士林區
121.515752,25.094071,20161853,2016-12-29,褐根病,2016,士林區
121.548095,25.047948,20170003,2017-01-04,褐根病,2017,松山區
121.562508,24.987385,20170024,2017-01-11,褐根病,2017,文山區
121.562484,24.987436,20170025,2017-01-11,褐根病,2017,文山區
121.562428,24.987426,20170027,2017-01-11,褐根病,2017,文山區
121.562578,24.987322,20170028,2017-01-11,褐根病,2017,文山區
121.560905,25.044086,20170072,2017-01-25,褐根病,2017,信義區
121.560905,25.044086,20170073,2017-01-25,褐根病,2017,信義區
121.530161,25.097471,20170121,2017-02-14,褐根病,2017,士林區
121.530365,25.09751,20170122,2017-02-14,褐根病,2017,士林區
121.580112,25.034963,20170144,2017-02-21,褐根病,2017,信義區
121.580112,25.034963,20170143,2017-02-21,褐根病,2017,信義區
121.580112,25.034963,20170142,2017-02-21,褐根病,2017,信義區
121.537212,25.048512,20170176,2017-02-25,褐根病,2017,中山區
121.537212,25.048512,20170177,2017-02-25,褐根病,2017,中山區
121.537212,25.048512,20170179,2017-02-25,褐根病,2017,中山區
121.514175,25.114999,20170199,2017-03-02,褐根病,2017,北投區
121.514175,25.114994,20170191,2017-03-02,褐根病,2017,北投區
121.514175,25.114999,20170192,2017-03-02,褐根病,2017,北投區
121.514175,25.114999,20170193,2017-03-02,褐根病,2017,北投區
121.514175,25.114999,20170194,2017-03-02,褐根病,2017,北投區
121.514175,25.114999,20170195,2017-03-02,褐根病,2017,北投區
121.514175,25.114999,20170196,2017-03-02,褐根病,2017,北投區
121.514175,25.114999,20170197,2017-03-02,褐根病,2017,北投區
121.549078,25.020005,20170217,2017-03-06,褐根病,2017,大安區
121.549078,25.020005,20170218,2017-03-06,褐根病,2017,大安區
121.533164,25.046389,20170214,2017-03-08,褐根病,2017,中山區
121.533164,25.046389,20170215,2017-03-08,褐根病,2017,中山區
121.513335,25.064291,20170247,2017-03-12,褐根病,2017,大同區
121.513335,25.064291,20170249,2017-03-12,褐根病,2017,大同區
121.511705,25.115688,20170264,2017-03-16,褐根病,2017,北投區
121.537212,25.048512,20170275,2017-03-17,褐根病,2017,中山區
121.537212,25.048512,20170274,2017-03-17,褐根病,2017,中山區
121.54055,25.033954,20170269,2017-03-17,褐根病,2017,大安區
121.54055,25.033954,20170270,2017-03-17,褐根病,2017,大安區
121.54055,25.033954,20170272,2017-03-17,褐根病,2017,大安區
121.537212,25.048512,20170273,2017-03-17,褐根病,2017,中山區
121.498261,25.030392,20170327,2017-04-07,褐根病,2017,萬華區
121.498261,25.030392,20170328,2017-04-07,褐根病,2017,萬華區
121.578562,25.032801,20170354,2017-04-21,褐根病,2017,信義區
121.578562,25.032801,20170355,2017-04-21,褐根病,2017,信義區
121.578562,25.032801,20170356,2017-04-21,褐根病,2017,信義區
121.578562,25.032801,20170357,2017-04-21,褐根病,2017,信義區
121.578562,25.032801,20170358,2017-04-21,褐根病,2017,信義區
121.578562,25.032801,20170359,2017-04-21,褐根病,2017,信義區
121.578562,25.032801,20170363,2017-04-21,褐根病,2017,信義區
121.578562,25.032801,20170364,2017-04-21,褐根病,2017,信義區
121.578562,25.032801,20170366,2017-04-21,褐根病,2017,信義區
121.616156,25.042259,20170379,2017-04-26,褐根病,2017,南港區
121.495845,25.035631,20170383,2017-04-27,褐根病,2017,萬華區
121.495845,25.035631,20170384,2017-04-27,褐根病,2017,萬華區
121.495845,25.035631,20170385,2017-04-27,褐根病,2017,萬華區
121.495845,25.035631,20170386,2017-04-27,褐根病,2017,萬華區
121.495845,25.035631,20170387,2017-04-27,褐根病,2017,萬華區
121.495845,25.035631,20170388,2017-04-27,褐根病,2017,萬華區
121.535998,25.102199,20170426,2017-05-10,褐根病,2017,士林區
121.535998,25.102199,20170429,2017-05-10,褐根病,2017,士林區
121.535998,25.102199,20170425,2017-05-10,褐根病,2017,士林區
121.535086,25.054904,20170435,2017-05-11,褐根病,2017,中山區
121.535086,25.054904,20170436,2017-05-11,褐根病,2017,中山區
121.509884,25.032205,20170446,2017-05-16,褐根病,2017,中正區
121.509884,25.032205,20170447,2017-05-16,褐根病,2017,中正區
121.578562,25.032801,20170467,2017-05-18,褐根病,2017,信義區
121.516179,25.072762,20170478,2017-05-19,褐根病,2017,大同區
121.619539,25.040245,20170511,2017-06-01,褐根病,2017,南港區
121.539935,25.050588,20170533,2017-06-06,褐根病,2017,中山區
121.569608,25.058709,20170571,2017-06-26,褐根病,2017,松山區
121.569117,25.061534,20170572,2017-06-26,褐根病,2017,松山區
121.570434,25.05349,20170573,2017-06-26,褐根病,2017,松山區
121.569273,25.060409,20170574,2017-06-26,褐根病,2017,松山區
121.570477,25.05331,20170575,2017-06-26,褐根病,2017,松山區
121.570796,25.051983,20170577,2017-06-26,褐根病,2017,松山區
121.569123,25.061342,20170569,2017-06-26,褐根病,2017,松山區
121.57532,25.079417,20170588,2017-07-04,褐根病,2017,內湖區
121.569203,25.060768,20170607,2017-07-12,褐根病,2017,松山區
121.538757,24.99413,20170610,2017-07-14,褐根病,2017,文山區
121.556087,25.054962,20170634,2017-07-21,褐根病,2017,松山區
121.540073,25.05049,20170679,2017-08-05,褐根病,2017,中山區
121.521808,25.112115,20170711,2017-08-08,褐根病,2017,北投區
121.562412,24.987657,20170688,2017-08-09,褐根病,2017,文山區
121.562465,24.987632,20170689,2017-08-09,褐根病,2017,文山區
121.53596,25.073933,20170690,2017-08-09,褐根病,2017,中山區
121.536469,25.073403,20170691,2017-08-09,褐根病,2017,中山區
121.53633,25.117339,20170692,2017-08-09,褐根病,2017,士林區
121.536292,25.117429,20170693,2017-08-09,褐根病,2017,士林區
121.538757,24.99413,20170699,2017-08-09,褐根病,2017,文山區
121.514175,25.114991,20170716,2017-08-10,褐根病,2017,北投區
121.514175,25.114991,20170715,2017-08-10,褐根病,2017,北投區
121.538562,25.050359,20170723,2017-08-15,褐根病,2017,中山區
121.538551,25.050214,20170724,2017-08-15,褐根病,2017,中山區
121.527675,25.032275,20170660,2017-08-15,褐根病,2017,大安區
121.510191,25.031211,20170747,2017-08-23,褐根病,2017,中正區
121.528932,25.032513,20170763,2017-08-29,褐根病,2017,大安區
121.528949,25.032586,20170764,2017-08-29,褐根病,2017,大安區
121.530819,25.109372,20170768,2017-08-31,褐根病,2017,士林區
121.508998,25.139224,20170801,2017-09-08,褐根病,2017,北投區
121.509406,25.139491,20170802,2017-09-08,褐根病,2017,北投區
121.550271,25.01875,20170821,2017-09-12,褐根病,2017,大安區
121.550271,25.01875,20170810,2017-09-12,褐根病,2017,大安區
121.550271,25.01875,20170808,2017-09-12,褐根病,2017,大安區
121.550271,25.01875,20170820,2017-09-12,褐根病,2017,大安區
121.550271,25.01875,20170819,2017-09-12,褐根病,2017,大安區
121.550271,25.01875,20170818,2017-09-12,褐根病,2017,大安區
121.550271,25.01875,20170817,2017-09-12,褐根病,2017,大安區
121.550271,25.01875,20170816,2017-09-12,褐根病,2017,大安區
121.550271,25.01875,20170815,2017-09-12,褐根病,2017,大安區
121.550271,25.01875,20170814,2017-09-12,褐根病,2017,大安區
121.550271,25.01875,20170813,2017-09-12,褐根病,2017,大安區
121.550271,25.01875,20170806,2017-09-12,褐根病,2017,大安區
121.550271,25.01875,20170811,2017-09-12,褐根病,2017,大安區
121.569064,25.046899,20170897,2017-09-25,褐根病,2017,信義區
121.507663,25.126957,20170936,2017-10-03,褐根病,2017,北投區
121.501768,25.143626,20170978,2017-10-13,褐根病,2017,北投區
121.523584,25.043094,20171000,2017-10-27,褐根病,2017,中正區
121.523927,25.04305,20171001,2017-10-27,褐根病,2017,中正區
121.523927,25.04306,20171002,2017-10-27,褐根病,2017,中正區
121.523831,25.043089,20171003,2017-10-27,褐根病,2017,中正區
121.523595,25.043187,20171004,2017-10-27,褐根病,2017,中正區
121.534982,25.054955,20171023,2017-11-02,褐根病,2017,中山區
121.534982,25.054955,20171020,2017-11-02,褐根病,2017,中山區
121.534982,25.054955,20171021,2017-11-02,褐根病,2017,中山區
121.534982,25.054955,20171022,2017-11-02,褐根病,2017,中山區
121.536399,25.101323,20171031,2017-11-08,褐根病,2017,士林區
121.574813,25.128977,20171080,2017-12-01,褐根病,2017,士林區
121.505163,25.138372,20171077,2017-12-01,褐根病,2017,北投區
121.576511,25.129106,20171078,2017-12-01,褐根病,2017,士林區
121.574813,25.128977,20171079,2017-12-01,褐根病,2017,士林區
121.574813,25.128977,20171081,2017-12-01,褐根病,2017,士林區
121.555543,25.103642,20171089,2017-12-05,褐根病,2017,士林區
121.542808,25.012408,20171092,2017-12-05,褐根病,2017,大安區
121.542808,25.012408,20171093,2017-12-05,褐根病,2017,大安區
121.542808,25.012408,20171091,2017-12-05,褐根病,2017,大安區
121.602219,25.055459,20171102,2017-12-11,褐根病,2017,南港區
121.549091,25.020012,20180020,2017-12-23,褐根病,2017,大安區
121.602219,25.055459,20180028,2018-01-12,褐根病,2018,南港區
121.504618,25.036077,20180031,2018-01-16,褐根病,2018,萬華區
121.595032,25.052554,20180034,2018-01-17,褐根病,2018,南港區
121.595032,25.052554,20180036,2018-01-17,褐根病,2018,南港區
121.595032,25.052554,20180033,2018-01-17,褐根病,2018,南港區
121.595032,25.052554,20180032,2018-01-17,褐根病,2018,南港區
121.536136,25.062981,20180052,2018-01-23,褐根病,2018,中山區
121.536136,25.062981,20180053,2018-01-23,褐根病,2018,中山區
121.57532,25.079417,20180054,2018-01-23,褐根病,2018,內湖區
121.57532,25.079417,20180056,2018-01-23,褐根病,2018,內湖區
121.5018,25.143591,20180063,2018-01-25,褐根病,2018,北投區
121.521827,25.112228,20180064,2018-01-26,褐根病,2018,北投區
121.521827,25.112228,20180065,2018-01-26,褐根病,2018,北投區
121.521827,25.112228,20180066,2018-01-26,褐根病,2018,北投區
121.583033,25.038513,20180084,2018-02-09,褐根病,2018,信義區
121.582882,25.038765,20180085,2018-02-09,褐根病,2018,信義區
121.582646,25.038843,20180086,2018-02-09,褐根病,2018,信義區
121.499329,25.022929,20180117,2018-03-06,褐根病,2018,萬華區
121.499329,25.022929,20180118,2018-03-06,褐根病,2018,萬華區
121.499329,25.022929,20180119,2018-03-06,褐根病,2018,萬華區
121.499329,25.022929,20180120,2018-03-06,褐根病,2018,萬華區
121.529678,25.09821,20180121,2018-03-06,褐根病,2018,士林區
121.534982,25.054955,20180127,2018-03-07,褐根病,2018,中山區
121.534982,25.054955,20180129,2018-03-07,褐根病,2018,中山區
121.534982,25.054955,20180170,2018-03-13,褐根病,2018,中山區
121.580243,25.079205,20180174,2018-03-14,褐根病,2018,內湖區
121.515559,25.114523,20180742,2018-04-03,褐根病,2018,北投區
121.563312,25.031924,20180299,2018-04-11,褐根病,2018,信義區
121.563312,25.031924,20180300,2018-04-11,褐根病,2018,信義區
121.516144,25.095332,20180304,2018-04-12,褐根病,2018,士林區
121.498588,25.030818,20180328,2018-04-18,褐根病,2018,萬華區
121.513875,25.063725,20180322,2018-04-18,褐根病,2018,大同區
121.506283,25.136305,20180745,2018-04-18,褐根病,2018,北投區
121.498131,25.030929,20180327,2018-04-18,褐根病,2018,萬華區
121.526371,25.143153,20180334,2018-04-19,褐根病,2018,北投區
121.516482,25.054404,20180348,2018-04-23,褐根病,2018,大同區
121.560939,25.05783,20180363,2018-04-24,褐根病,2018,松山區
121.560939,25.05783,20180362,2018-04-24,褐根病,2018,松山區
121.507488,25.12683,20180379,2018-04-26,褐根病,2018,北投區
121.507488,25.12683,20180378,2018-04-26,褐根病,2018,北投區
121.515774,25.095722,20180412,2018-05-02,褐根病,2018,士林區
121.515934,25.095313,20180411,2018-05-02,褐根病,2018,士林區
121.562304,25.062387,20180419,2018-05-03,褐根病,2018,松山區
121.562304,25.062387,20180418,2018-05-03,褐根病,2018,松山區
121.562304,25.062387,20180416,2018-05-03,褐根病,2018,松山區
121.515051,25.032884,20180489,2018-05-07,褐根病,2018,中正區
121.515051,25.032884,20180490,2018-05-07,褐根病,2018,中正區
121.561619,25.057801,20180462,2018-05-11,褐根病,2018,松山區
121.533482,25.037874,20180487,2018-05-16,褐根病,2018,大安區
121.556291,25.026413,20180483,2018-05-16,褐根病,2018,信義區
121.509069,25.035266,20180507,2018-05-17,褐根病,2018,中正區
121.580613,25.03505,20180492,2018-05-17,褐根病,2018,信義區
121.535075,25.006502,20180568,2018-05-22,褐根病,2018,文山區
121.5657,25.08383,20180527,2018-05-23,褐根病,2018,內湖區
121.5657,25.08383,20180529,2018-05-23,褐根病,2018,內湖區
121.5657,25.08383,20180530,2018-05-23,褐根病,2018,內湖區
121.509069,25.035266,20180561,2018-05-29,褐根病,2018,中正區
121.553463,25.051893,20180639,2018-05-30,褐根病,2018,松山區
121.535576,25.014065,20180573,2018-05-31,褐根病,2018,大安區
121.535576,25.014065,20180576,2018-05-31,褐根病,2018,大安區
121.555644,25.026488,20180569,2018-05-31,褐根病,2018,信義區
121.536136,25.062981,20180589,2018-06-05,褐根病,2018,中山區
121.512726,25.088621,20180750,2018-06-06,褐根病,2018,士林區
121.532672,25.116741,20180749,2018-06-06,褐根病,2018,士林區
121.5657,25.08383,20180607,2018-06-13,褐根病,2018,內湖區
121.5657,25.08383,20180605,2018-06-13,褐根病,2018,內湖區
121.5657,25.08383,20180604,2018-06-13,褐根病,2018,內湖區
121.561657,25.05774,20180622,2018-06-14,褐根病,2018,松山區
121.467145,25.119885,20180621,2018-06-14,褐根病,2018,北投區
121.467145,25.119885,20180620,2018-06-14,褐根病,2018,北投區
121.467145,25.119885,20180619,2018-06-14,褐根病,2018,北投區
121.467145,25.119885,20180623,2018-06-15,褐根病,2018,北投區
121.619539,25.040245,20180641,2018-06-22,褐根病,2018,南港區
121.619539,25.040245,20180640,2018-06-22,褐根病,2018,南港區
121.570578,25.053417,20180645,2018-06-22,褐根病,2018,松山區
121.570891,25.051716,20180646,2018-06-22,褐根病,2018,松山區
121.547447,25.134519,20180652,2018-06-25,褐根病,2018,士林區
121.602219,25.055459,20180659,2018-06-26,褐根病,2018,南港區
121.602219,25.055459,20180655,2018-06-26,褐根病,2018,南港區
121.602219,25.055459,20180658,2018-06-26,褐根病,2018,南港區
121.602219,25.055459,20180657,2018-06-26,褐根病,2018,南港區
121.602219,25.055459,20180656,2018-06-26,褐根病,2018,南港區
121.602219,25.055459,20180660,2018-06-26,褐根病,2018,南港區
121.602219,25.055459,20180666,2018-06-26,褐根病,2018,南港區
121.602219,25.055459,20180663,2018-06-26,褐根病,2018,南港區
121.602219,25.055459,20180662,2018-06-26,褐根病,2018,南港區
121.534257,25.10906,20180678,2018-06-27,褐根病,2018,士林區
121.514505,25.024937,20180881,2018-06-28,褐根病,2018,中正區
121.556136,25.026495,20180680,2018-06-28,褐根病,2018,信義區
121.556192,25.02647,20180679,2018-06-28,褐根病,2018,信義區
121.512181,25.031112,20180723,2018-06-29,褐根病,2018,中正區
121.586114,25.06954,20180602,2018-07-03,褐根病,2018,內湖區
121.586114,25.06954,20180603,2018-07-03,褐根病,2018,內湖區
121.549154,25.019622,20180756,2018-07-06,褐根病,2018,大安區
121.549154,25.019622,20180758,2018-07-06,褐根病,2018,大安區
121.552038,25.058921,20180727,2018-07-06,褐根病,2018,松山區
121.552036,25.059529,20180726,2018-07-06,褐根病,2018,松山區
121.552031,25.059508,20180725,2018-07-06,褐根病,2018,松山區
121.550271,25.01875,20180741,2018-07-09,褐根病,2018,大安區
121.549154,25.019622,20180755,2018-07-10,褐根病,2018,大安區
121.549154,25.019622,20180759,2018-07-10,褐根病,2018,大安區
121.549154,25.019622,20180761,2018-07-10,褐根病,2018,大安區
121.602219,25.055459,20180768,2018-07-12,褐根病,2018,南港區
121.602219,25.055459,20180767,2018-07-12,褐根病,2018,南港區
121.57532,25.079417,20180804,2018-07-16,褐根病,2018,內湖區
121.57532,25.079417,20180803,2018-07-16,褐根病,2018,內湖區
121.550897,25.060976,20180802,2018-07-16,褐根病,2018,松山區
121.56842,25.063836,20180801,2018-07-16,褐根病,2018,松山區
121.513581,25.07472,20180823,2018-07-20,褐根病,2018,大同區
121.513581,25.07472,20180824,2018-07-20,褐根病,2018,大同區
121.513581,25.07472,20180825,2018-07-20,褐根病,2018,大同區
121.58539,25.098156,20180882,2018-07-24,褐根病,2018,內湖區
121.509518,25.04031,20180887,2018-07-27,褐根病,2018,中正區
121.498588,25.030818,20180957,2018-08-09,褐根病,2018,萬華區
121.538208,25.024673,20180930,2018-08-10,褐根病,2018,大安區
121.568681,25.05903,20180989,2018-08-21,褐根病,2018,松山區
121.520805,25.119455,20181014,2018-08-29,褐根病,2018,北投區
121.535287,25.055022,20181031,2018-09-05,褐根病,2018,中山區
121.51571,25.056387,20181032,2018-09-05,褐根病,2018,大同區
121.51571,25.056387,20181033,2018-09-05,褐根病,2018,大同區
121.51571,25.056387,20181034,2018-09-05,褐根病,2018,大同區
121.51571,25.056387,20181035,2018-09-05,褐根病,2018,大同區
121.530163,25.049769,20181048,2018-09-06,褐根病,2018,中山區
121.530163,25.049769,20181049,2018-09-06,褐根病,2018,中山區
121.530163,25.049769,20181050,2018-09-06,褐根病,2018,中山區
121.530163,25.049769,20181051,2018-09-06,褐根病,2018,中山區
121.530163,25.049769,20181052,2018-09-06,褐根病,2018,中山區
121.602219,25.055459,20181053,2018-09-06,褐根病,2018,南港區
121.602219,25.055459,20181054,2018-09-06,褐根病,2018,南港區
121.530163,25.049769,20181047,2018-09-06,褐根病,2018,中山區
121.567113,25.061142,20181082,2018-09-12,褐根病,2018,松山區
121.543375,25.07886,20181094,2018-09-14,褐根病,2018,中山區
121.543375,25.07886,20181097,2018-09-14,褐根病,2018,中山區
121.543375,25.07886,20181098,2018-09-14,褐根病,2018,中山區
121.543375,25.07886,20181099,2018-09-14,褐根病,2018,中山區
121.543375,25.07886,20181100,2018-09-14,褐根病,2018,中山區
121.561623,24.980226,20181108,2018-09-17,褐根病,2018,文山區
121.554289,24.978313,20181107,2018-09-17,褐根病,2018,文山區
121.51023,25.073875,20181123,2018-09-20,褐根病,2018,大同區
121.521975,25.032359,20181134,2018-09-27,褐根病,2018,中正區
121.569298,25.060719,20181157,2018-10-02,褐根病,2018,松山區
121.569384,25.060165,20181158,2018-10-02,褐根病,2018,松山區
121.569555,25.05933,20181159,2018-10-02,褐根病,2018,松山區
121.583581,25.038802,20181181,2018-10-08,褐根病,2018,信義區
121.538874,25.011186,20181227,2018-10-17,褐根病,2018,大安區
121.538874,25.011186,20181229,2018-10-17,褐根病,2018,大安區
121.510202,25.074567,20181245,2018-10-18,褐根病,2018,大同區
121.510116,25.074567,20181248,2018-10-18,褐根病,2018,大同區
121.510288,25.074878,20181266,2018-10-18,褐根病,2018,大同區
121.510139,25.074436,20181267,2018-10-18,褐根病,2018,大同區
121.50971,25.074824,20181241,2018-10-18,褐根病,2018,大同區
121.510483,25.075058,20181240,2018-10-18,褐根病,2018,大同區
121.510139,25.074436,20181238,2018-10-18,褐根病,2018,大同區
121.510139,25.07428,20181237,2018-10-18,褐根病,2018,大同區
121.510202,25.074645,20181243,2018-10-18,褐根病,2018,大同區
121.51548,25.09492,20181284,2018-10-19,褐根病,2018,士林區
121.515742,25.095076,20181285,2018-10-19,褐根病,2018,士林區
121.526052,25.112367,20181497,2018-10-19,褐根病,2018,士林區
121.513553,25.075351,20181296,2018-10-22,褐根病,2018,大同區
121.513553,25.075351,20181295,2018-10-22,褐根病,2018,大同區
121.588549,25.068226,20181384,2018-10-26,褐根病,2018,內湖區
121.491229,25.030857,20181383,2018-10-26,褐根病,2018,萬華區
121.551981,25.059473,20181326,2018-10-26,褐根病,2018,松山區
121.551981,25.059473,20181325,2018-10-26,褐根病,2018,松山區
121.551029,25.023307,20181391,2018-11-06,褐根病,2018,大安區
121.548605,25.049206,20181487,2018-11-08,褐根病,2018,松山區
121.548605,25.049206,20181486,2018-11-08,褐根病,2018,松山區
121.548605,25.049206,20181485,2018-11-08,褐根病,2018,松山區
121.548605,25.049206,20181484,2018-11-08,褐根病,2018,松山區
121.614354,25.042336,20181494,2018-11-21,褐根病,2018,南港區
121.563334,25.029734,20181569,2018-11-28,褐根病,2018,信義區
121.548605,25.049274,20181548,2018-12-11,褐根病,2018,松山區
121.548605,25.049274,20181549,2018-12-11,褐根病,2018,松山區
121.548605,25.049274,20181550,2018-12-11,褐根病,2018,松山區
121.548605,25.049274,20181551,2018-12-11,褐根病,2018,松山區
121.533411,25.063453,20181555,2018-12-13,褐根病,2018,中山區
121.490761,25.145463,20181581,2018-12-18,褐根病,2018,北投區
121.535279,25.055037,20181560,2018-12-18,褐根病,2018,中山區
121.535279,25.055037,20181561,2018-12-18,褐根病,2018,中山區
121.541568,25.077837,20181565,2018-12-20,褐根病,2018,中山區
121.543343,25.078909,20181566,2018-12-20,褐根病,2018,中山區
121.543343,25.078909,20181567,2018-12-20,褐根病,2018,中山區
121.543343,25.078909,20181568,2018-12-20,褐根病,2018,中山區
121.55791,25.081069,20181570,2018-12-20,褐根病,2018,中山區
121.55791,25.081069,20181571,2018-12-20,褐根病,2018,中山區
121.528618,25.029881,20181573,2018-12-21,褐根病,2018,大安區
121.525578,25.032277,20181585,2018-12-28,褐根病,2018,大安區
121.52234,25.030656,20181599,2018-12-31,褐根病,2018,大安區
121.543981,25.029396,20190008,2019-01-02,褐根病,2019,大安區
121.543981,25.029396,20190007,2019-01-02,褐根病,2019,大安區
121.543981,25.029396,20190006,2019-01-02,褐根病,2019,大安區
121.543981,25.029396,20190009,2019-01-02,褐根病,2019,大安區
121.543981,25.029397,20190001,2019-01-02,褐根病,2019,大安區
121.540752,24.993031,20190057,2019-01-10,褐根病,2019,文山區
121.540752,24.993031,20190056,2019-01-10,褐根病,2019,文山區
121.540752,24.993031,20190055,2019-01-10,褐根病,2019,文山區
121.540752,24.993031,20190053,2019-01-10,褐根病,2019,文山區
121.540752,24.993031,20190052,2019-01-10,褐根病,2019,文山區
121.540752,24.993031,20190051,2019-01-10,褐根病,2019,文山區
121.535022,25.048516,20190039,2019-01-14,褐根病,2019,中山區
121.535022,25.048516,20190040,2019-01-14,褐根病,2019,中山區
121.535022,25.048516,20190041,2019-01-14,褐根病,2019,中山區
121.535022,25.048516,20190038,2019-01-14,褐根病,2019,中山區
121.535022,25.048516,20190037,2019-01-14,褐根病,2019,中山區
121.535022,25.048516,20190036,2019-01-14,褐根病,2019,中山區
121.535022,25.048516,20190035,2019-01-14,褐根病,2019,中山區
121.535022,25.048516,20190034,2019-01-14,褐根病,2019,中山區
121.535022,25.048516,20190033,2019-01-14,褐根病,2019,中山區
121.535022,25.048516,20190032,2019-01-14,褐根病,2019,中山區
121.535022,25.048516,20190030,2019-01-14,褐根病,2019,中山區
121.535022,25.048516,20190029,2019-01-14,褐根病,2019,中山區
121.535022,25.048516,20190028,2019-01-14,褐根病,2019,中山區
121.535022,25.048516,20190027,2019-01-14,褐根病,2019,中山區
121.535022,25.048516,20190026,2019-01-14,褐根病,2019,中山區
121.535022,25.048516,20190031,2019-01-14,褐根病,2019,中山區
121.52386,25.040938,20190070,2019-01-14,褐根病,2019,中正區
121.508896,25.061297,20190085,2019-01-23,褐根病,2019,大同區
121.553136,24.988105,20190273,2019-01-25,褐根病,2019,文山區
121.520114,25.113003,20190122,2019-01-28,褐根病,2019,北投區
121.520114,25.113003,20190121,2019-01-28,褐根病,2019,北投區
121.540752,24.993031,20190171,2019-02-13,褐根病,2019,文山區
121.540752,24.993031,20190167,2019-02-13,褐根病,2019,文山區
121.540752,24.993031,20190168,2019-02-13,褐根病,2019,文山區
121.540752,24.993031,20190169,2019-02-13,褐根病,2019,文山區
121.540752,24.993031,20190170,2019-02-13,褐根病,2019,文山區
121.540752,24.993031,20190152,2019-02-13,褐根病,2019,文山區
121.54766,25.004889,20190151,2019-02-13,褐根病,2019,文山區
121.54766,25.004889,20190149,2019-02-13,褐根病,2019,文山區
121.592223,25.049139,20190185,2019-02-18,褐根病,2019,南港區
121.561489,25.029186,20190613,2019-02-20,褐根病,2019,信義區
121.506029,25.051228,20190209,2019-02-23,褐根病,2019,大同區
121.575837,25.078201,20190211,2019-02-24,褐根病,2019,內湖區
121.575837,25.078201,20190212,2019-02-24,褐根病,2019,內湖區
121.575837,25.078201,20190213,2019-02-24,褐根病,2019,內湖區
121.575837,25.078201,20190214,2019-02-24,褐根病,2019,內湖區
121.5929,25.04846,20190258,2019-02-26,褐根病,2019,南港區
121.5929,25.04846,20190259,2019-02-26,褐根病,2019,南港區
121.544039,25.029358,20190228,2019-02-26,褐根病,2019,大安區
121.544039,25.029358,20190227,2019-02-26,褐根病,2019,大安區
121.544039,25.029358,20190226,2019-02-26,褐根病,2019,大安區
121.544039,25.029358,20190225,2019-02-26,褐根病,2019,大安區
121.544039,25.029358,20190224,2019-02-26,褐根病,2019,大安區
121.550372,24.989184,20190235,2019-02-27,褐根病,2019,文山區
121.502429,25.036081,20190244,2019-03-03,褐根病,2019,萬華區
121.502429,25.036081,20190243,2019-03-03,褐根病,2019,萬華區
121.502429,25.036081,20190242,2019-03-03,褐根病,2019,萬華區
121.502429,25.036081,20190241,2019-03-03,褐根病,2019,萬華區
121.502429,25.036081,20190240,2019-03-03,褐根病,2019,萬華區
121.502429,25.036081,20190239,2019-03-03,褐根病,2019,萬華區
121.502429,25.036081,20190236,2019-03-03,褐根病,2019,萬華區
121.502429,25.036081,20190238,2019-03-03,褐根病,2019,萬華區
121.502429,25.036081,20190237,2019-03-03,褐根病,2019,萬華區
121.570892,25.051825,20190346,2019-03-13,褐根病,2019,松山區
121.570184,25.05542,20190345,2019-03-13,褐根病,2019,松山區
121.569704,25.058489,20190343,2019-03-13,褐根病,2019,松山區
121.569667,25.058804,20190342,2019-03-13,褐根病,2019,松山區
121.568719,25.062651,20190341,2019-03-13,褐根病,2019,松山區
121.576309,25.078601,20190336,2019-03-13,褐根病,2019,內湖區
121.554428,24.97812,20190335,2019-03-13,褐根病,2019,文山區
121.563699,25.083671,20190334,2019-03-13,褐根病,2019,內湖區
121.563699,25.083671,20190333,2019-03-13,褐根病,2019,內湖區
121.563699,25.083671,20190332,2019-03-13,褐根病,2019,內湖區
121.543756,25.046986,20190400,2019-03-21,褐根病,2019,中山區
121.571721,25.048254,20190455,2019-03-22,褐根病,2019,信義區
121.571721,25.048254,20190454,2019-03-22,褐根病,2019,信義區
121.514108,25.060277,20190431,2019-03-26,褐根病,2019,大同區
121.514108,25.060277,20190430,2019-03-26,褐根病,2019,大同區
121.514108,25.060277,20190429,2019-03-26,褐根病,2019,大同區
121.577404,25.119676,20190456,2019-03-26,褐根病,2019,士林區
121.49762,25.132003,20190435,2019-03-27,褐根病,2019,北投區
121.55995,24.98691,20190443,2019-03-28,褐根病,2019,文山區
121.570922,25.051643,20190442,2019-03-28,褐根病,2019,松山區
121.547152,25.052866,20190440,2019-03-28,褐根病,2019,松山區
121.514108,25.060277,20190447,2019-03-29,褐根病,2019,大同區
121.514108,25.060277,20190446,2019-03-29,褐根病,2019,大同區
121.514108,25.060277,20190445,2019-03-29,褐根病,2019,大同區
121.514108,25.060277,20190444,2019-03-29,褐根病,2019,大同區
121.495781,25.030889,20190504,2019-04-11,褐根病,2019,萬華區
121.495781,25.030889,20190505,2019-04-11,褐根病,2019,萬華區
121.495781,25.030889,20190503,2019-04-11,褐根病,2019,萬華區
121.495781,25.030889,20190502,2019-04-11,褐根病,2019,萬華區
121.532442,25.159154,20190542,2019-04-24,褐根病,2019,北投區
121.552388,25.05642,20190551,2019-04-26,褐根病,2019,松山區
121.513985,25.082486,20190558,2019-04-26,褐根病,2019,士林區
121.552252,25.056435,20190549,2019-04-26,褐根病,2019,松山區
121.509748,25.071997,20190571,2019-05-02,褐根病,2019,大同區
121.553585,25.05924,20190589,2019-05-04,褐根病,2019,松山區
121.553342,25.059626,20190598,2019-05-07,褐根病,2019,松山區
121.553439,25.059512,20190599,2019-05-07,褐根病,2019,松山區
121.553275,25.059709,20190600,2019-05-07,褐根病,2019,松山區
121.502429,25.036081,20190601,2019-05-08,褐根病,2019,萬華區
121.554677,25.062127,20190713,2019-05-08,褐根病,2019,松山區
121.546114,25.025244,20190693,2019-05-13,褐根病,2019,大安區
121.537694,25.161774,20190705,2019-05-14,褐根病,2019,北投區
121.556377,25.054189,20190707,2019-05-14,褐根病,2019,松山區
121.588889,24.987347,20190715,2019-05-15,褐根病,2019,文山區
121.594876,25.049517,20190719,2019-05-16,褐根病,2019,南港區
121.577404,25.119676,20190720,2019-05-16,褐根病,2019,士林區
121.55414,25.058287,20190740,2019-05-17,褐根病,2019,松山區
121.553699,25.059052,20190739,2019-05-17,褐根病,2019,松山區
121.553213,25.059752,20190723,2019-05-17,褐根病,2019,松山區
121.553228,25.059759,20190724,2019-05-17,褐根病,2019,松山區
121.55323,25.059775,20190725,2019-05-17,褐根病,2019,松山區
121.553301,25.05969,20190728,2019-05-17,褐根病,2019,松山區
121.55329,25.059678,20190729,2019-05-17,褐根病,2019,松山區
121.553435,25.05945,20190730,2019-05-17,褐根病,2019,松山區
121.553547,25.05931,20190733,2019-05-17,褐根病,2019,松山區
121.553655,25.059117,20190736,2019-05-17,褐根病,2019,松山區
121.55367,25.059073,20190737,2019-05-17,褐根病,2019,松山區
121.514282,25.081254,20190559,2019-05-22,褐根病,2019,士林區
121.508515,25.094525,20190557,2019-05-22,褐根病,2019,士林區
121.55723,24.986653,20190752,2019-05-22,褐根病,2019,文山區
121.51291,25.087442,20190759,2019-05-23,褐根病,2019,士林區
121.492103,25.019507,20190762,2019-05-23,褐根病,2019,萬華區
121.592834,25.0013,20190766,2019-05-23,褐根病,2019,文山區
121.589407,25.044935,20190781,2019-05-23,褐根病,2019,南港區
121.55201,25.059644,20190777,2019-05-27,褐根病,2019,松山區
121.511151,25.067089,20190791,2019-05-29,褐根病,2019,大同區
121.511151,25.067089,20190793,2019-05-29,褐根病,2019,大同區
121.511151,25.067089,20190795,2019-05-29,褐根病,2019,大同區
121.511151,25.067089,20190796,2019-05-29,褐根病,2019,大同區
121.511151,25.067089,20190798,2019-05-29,褐根病,2019,大同區
121.566619,25.05496,20190808,2019-05-31,褐根病,2019,松山區
121.566619,25.05496,20190810,2019-05-31,褐根病,2019,松山區
121.532677,25.037585,20190812,2019-05-31,褐根病,2019,中正區
121.577404,25.119676,20190814,2019-05-31,褐根病,2019,士林區
121.502429,25.036081,20190829,2019-06-05,褐根病,2019,萬華區
121.571721,25.048254,20190831,2019-06-05,褐根病,2019,信義區
121.571721,25.048254,20190832,2019-06-05,褐根病,2019,信義區
121.571721,25.048254,20190833,2019-06-05,褐根病,2019,信義區
121.60839,25.057109,20190863,2019-06-14,褐根病,2019,南港區
121.60839,25.057109,20190864,2019-06-14,褐根病,2019,南港區
121.60839,25.057109,20190865,2019-06-14,褐根病,2019,南港區
121.60839,25.057109,20190866,2019-06-14,褐根病,2019,南港區
121.60839,25.057109,20190867,2019-06-14,褐根病,2019,南港區
121.60839,25.057109,20190868,2019-06-14,褐根病,2019,南港區
121.510669,25.037869,20190869,2019-06-14,褐根病,2019,中正區
121.536665,24.994184,20190871,2019-06-14,褐根病,2019,文山區
121.561384,25.052336,20190873,2019-06-14,褐根病,2019,松山區
121.505475,25.126962,20190876,2019-06-17,褐根病,2019,北投區
121.505475,25.126962,20190879,2019-06-18,褐根病,2019,北投區
121.535076,25.037565,20190904,2019-06-24,褐根病,2019,大安區
121.592834,24.971425,20190919,2019-06-25,褐根病,2019,文山區
121.592778,25.052173,20190935,2019-06-27,褐根病,2019,南港區
121.482309,25.14012,20190954,2019-06-27,褐根病,2019,北投區
121.482309,25.14012,20190955,2019-06-27,褐根病,2019,北投區
121.592778,25.052173,20190936,2019-06-27,褐根病,2019,南港區
121.516482,25.054404,20190968,2019-07-03,褐根病,2019,大同區
121.581848,25.010566,20190824,2019-07-11,褐根病,2019,文山區
121.561881,25.047456,20191006,2019-07-12,褐根病,2019,松山區
121.516482,25.054404,20191007,2019-07-14,褐根病,2019,大同區
121.516482,25.054404,20191008,2019-07-14,褐根病,2019,大同區
121.539596,25.045245,20191011,2019-07-15,褐根病,2019,中山區
121.539596,25.045245,20191012,2019-07-15,褐根病,2019,中山區
121.539596,25.045245,20191013,2019-07-15,褐根病,2019,中山區
121.539596,25.045245,20191014,2019-07-15,褐根病,2019,中山區
121.539596,25.045245,20191016,2019-07-15,褐根病,2019,中山區
121.539596,25.045245,20191017,2019-07-15,褐根病,2019,中山區
121.539596,25.045245,20191018,2019-07-15,褐根病,2019,中山區
121.509858,25.036205,20191113,2019-07-17,褐根病,2019,中正區
121.534702,25.036999,20191080,2019-07-20,褐根病,2019,大安區
121.543035,25.037517,20191059,2019-07-24,褐根病,2019,大安區
121.543035,25.037517,20191061,2019-07-24,褐根病,2019,大安區
121.522519,25.018551,20191088,2019-07-26,褐根病,2019,中正區
121.494119,25.014584,20191090,2019-07-26,褐根病,2019,萬華區
121.4931,25.018116,20191093,2019-07-26,褐根病,2019,萬華區
121.492299,25.019123,20191094,2019-07-26,褐根病,2019,萬華區
121.521226,25.04309,20191150,2019-08-08,褐根病,2019,中正區
121.521226,25.04309,20191149,2019-08-08,褐根病,2019,中正區
121.521226,25.04309,20191148,2019-08-08,褐根病,2019,中正區
121.521226,25.04309,20191141,2019-08-08,褐根病,2019,中正區
121.521226,25.04309,20191142,2019-08-08,褐根病,2019,中正區
121.521226,25.04309,20191143,2019-08-08,褐根病,2019,中正區
121.521226,25.04309,20191144,2019-08-08,褐根病,2019,中正區
121.521226,25.04309,20191145,2019-08-08,褐根病,2019,中正區
121.521226,25.04309,20191146,2019-08-08,褐根病,2019,中正區
121.521226,25.04309,20191147,2019-08-08,褐根病,2019,中正區
121.515931,25.040206,20191153,2019-08-12,褐根病,2019,中正區
121.519592,25.034617,20191187,2019-08-14,褐根病,2019,中正區
121.540231,25.078455,20191175,2019-08-14,褐根病,2019,中山區
121.540231,25.078455,20191176,2019-08-14,褐根病,2019,中山區
121.540231,25.078455,20191177,2019-08-14,褐根病,2019,中山區
121.540231,25.078455,20191178,2019-08-14,褐根病,2019,中山區
121.540231,25.078455,20191179,2019-08-14,褐根病,2019,中山區
121.505299,25.126835,20191180,2019-08-14,褐根病,2019,北投區
121.554314,24.978472,20191192,2019-08-16,褐根病,2019,文山區
121.50926,25.061388,20191213,2019-08-19,褐根病,2019,大同區
121.547726,25.017999,20191214,2019-08-20,褐根病,2019,大安區
121.56796,24.990274,20191237,2019-08-23,褐根病,2019,文山區
121.56796,24.990274,20191238,2019-08-23,褐根病,2019,文山區
121.523129,25.020149,20191246,2019-08-26,褐根病,2019,中正區
121.523129,25.020149,20191247,2019-08-26,褐根病,2019,中正區
121.523129,25.020149,20191248,2019-08-26,褐根病,2019,中正區
121.523129,25.020149,20191249,2019-08-26,褐根病,2019,中正區
121.523129,25.020149,20191251,2019-08-26,褐根病,2019,中正區
121.523129,25.020149,20191252,2019-08-26,褐根病,2019,中正區
121.523129,25.020149,20191253,2019-08-26,褐根病,2019,中正區
121.523129,25.020149,20191254,2019-08-26,褐根病,2019,中正區
121.523129,25.020149,20191255,2019-08-26,褐根病,2019,中正區
121.523129,25.020149,20191256,2019-08-26,褐根病,2019,中正區
121.523129,25.020149,20191257,2019-08-26,褐根病,2019,中正區
121.523129,25.020149,20191258,2019-08-26,褐根病,2019,中正區
121.523129,25.020149,20191259,2019-08-26,褐根病,2019,中正區
121.523129,25.020149,20191261,2019-08-26,褐根病,2019,中正區
121.523129,25.020149,20191244,2019-08-26,褐根病,2019,中正區
121.523129,25.020149,20191243,2019-08-26,褐根病,2019,中正區
121.523129,25.020149,20191242,2019-08-26,褐根病,2019,中正區
121.523129,25.020149,20191260,2019-08-26,褐根病,2019,中正區
121.514273,25.093059,20191303,2019-08-28,褐根病,2019,士林區
121.482256,25.139425,20191285,2019-08-29,褐根病,2019,北投區
121.482256,25.139425,20191286,2019-08-29,褐根病,2019,北投區
121.569269,24.989318,20191287,2019-08-30,褐根病,2019,文山區
121.511941,25.109049,20191292,2019-09-02,褐根病,2019,北投區
121.572632,25.035392,20191318,2019-09-04,褐根病,2019,信義區
121.524782,25.027945,20191317,2019-09-04,褐根病,2019,大安區
121.496646,25.029112,20191325,2019-09-06,褐根病,2019,萬華區
121.496646,25.029112,20191324,2019-09-06,褐根病,2019,萬華區
121.509659,25.115767,20191339,2019-09-09,褐根病,2019,北投區
121.541062,25.063485,20191360,2019-09-09,褐根病,2019,中山區
121.546902,25.020017,20191359,2019-09-09,褐根病,2019,大安區
121.561881,25.047456,20192043,2019-09-10,褐根病,2019,松山區
121.562938,25.03078,20191386,2019-09-18,褐根病,2019,信義區
121.562938,25.03078,20191387,2019-09-18,褐根病,2019,信義區
121.522649,25.023323,20191402,2019-09-23,褐根病,2019,中正區
121.527288,25.027947,20191404,2019-09-23,褐根病,2019,大安區
121.527288,25.027947,20191405,2019-09-23,褐根病,2019,大安區
121.5575,25.0038,20191425,2019-09-25,褐根病,2019,文山區
121.5575,25.0036,20191426,2019-09-25,褐根病,2019,文山區
121.52166,25.137613,20191412,2019-09-25,褐根病,2019,北投區
121.573216,25.07957,20191442,2019-10-01,褐根病,2019,內湖區
121.573216,25.07957,20191443,2019-10-01,褐根病,2019,內湖區
121.573216,25.07957,20191444,2019-10-01,褐根病,2019,內湖區
121.552743,25.050433,20191447,2019-10-01,褐根病,2019,松山區
121.552743,25.050433,20191448,2019-10-01,褐根病,2019,松山區
121.530551,25.111337,20191449,2019-10-01,褐根病,2019,士林區
121.552743,25.050433,20191450,2019-10-01,褐根病,2019,松山區
121.513991,25.072767,20192044,2019-10-01,褐根病,2019,大同區
121.51613,25.117008,20191441,2019-10-01,褐根病,2019,北投區
121.549635,25.056841,20191460,2019-10-02,褐根病,2019,松山區
121.508538,25.030664,20191486,2019-10-05,褐根病,2019,中正區
121.508538,25.030664,20191489,2019-10-05,褐根病,2019,中正區
121.508538,25.030664,20191490,2019-10-05,褐根病,2019,中正區
121.562883,25.06241,20191496,2019-10-05,褐根病,2019,松山區
121.562402,25.06241,20191497,2019-10-05,褐根病,2019,松山區
121.562402,25.06241,20191499,2019-10-05,褐根病,2019,松山區
121.559187,25.062512,20191500,2019-10-05,褐根病,2019,松山區
121.559187,25.062512,20191501,2019-10-05,褐根病,2019,松山區
121.559187,25.062512,20191502,2019-10-05,褐根病,2019,松山區
121.515508,25.102655,20191545,2019-10-06,褐根病,2019,北投區
121.515637,25.10379,20191505,2019-10-06,褐根病,2019,北投區
121.515484,25.103378,20191509,2019-10-06,褐根病,2019,北投區
121.515312,25.103699,20191510,2019-10-06,褐根病,2019,北投區
121.515484,25.103822,20191511,2019-10-06,褐根病,2019,北投區
121.515292,25.103902,20191512,2019-10-06,褐根病,2019,北投區
121.515368,25.103729,20191514,2019-10-06,褐根病,2019,北投區
121.515183,25.103507,20191515,2019-10-06,褐根病,2019,北投區
121.515248,25.103701,20191516,2019-10-06,褐根病,2019,北投區
121.515226,25.103801,20191517,2019-10-06,褐根病,2019,北投區
121.515098,25.103903,20191518,2019-10-06,褐根病,2019,北投區
121.515163,25.103789,20191520,2019-10-06,褐根病,2019,北投區
121.515141,25.103816,20191525,2019-10-06,褐根病,2019,北投區
121.515119,25.102954,20191531,2019-10-06,褐根病,2019,北投區
121.515128,25.102856,20191533,2019-10-06,褐根病,2019,北投區
121.514969,25.102663,20191534,2019-10-06,褐根病,2019,北投區
121.515226,25.102184,20191537,2019-10-06,褐根病,2019,北投區
121.515248,25.102108,20191538,2019-10-06,褐根病,2019,北投區
121.515282,25.102664,20191539,2019-10-06,褐根病,2019,北投區
121.515183,25.102785,20191540,2019-10-06,褐根病,2019,北投區
121.515484,25.103306,20191543,2019-10-06,褐根病,2019,北投區
121.515269,25.103258,20191546,2019-10-07,褐根病,2019,北投區
121.515453,25.103251,20191547,2019-10-07,褐根病,2019,北投區
121.515573,25.103417,20191548,2019-10-07,褐根病,2019,北投區
121.515913,25.102917,20191549,2019-10-07,褐根病,2019,北投區
121.515248,25.102596,20191550,2019-10-07,褐根病,2019,北投區
121.541186,25.078865,20191551,2019-10-07,褐根病,2019,中山區
121.496181,25.136637,20191554,2019-10-08,褐根病,2019,北投區
121.549635,25.056841,20191381,2019-10-14,褐根病,2019,松山區
121.550278,25.002012,20191606,2019-10-21,褐根病,2019,文山區
121.560115,25.062392,20191596,2019-10-21,褐根病,2019,松山區
121.560115,25.062392,20191597,2019-10-21,褐根病,2019,松山區
121.560115,25.062392,20191598,2019-10-21,褐根病,2019,松山區
121.553225,24.988888,20191599,2019-10-21,褐根病,2019,文山區
121.578847,24.998352,20191616,2019-10-22,褐根病,2019,文山區
121.52193,25.113003,20191658,2019-10-23,褐根病,2019,北投區
121.52193,25.113003,20191659,2019-10-23,褐根病,2019,北投區
121.476134,25.030231,20191620,2019-10-24,褐根病,2019,萬華區
121.476134,25.030231,20191621,2019-10-24,褐根病,2019,萬華區
121.492279,25.017653,20191640,2019-10-25,褐根病,2019,萬華區
121.4923,25.018,20191641,2019-10-25,褐根病,2019,萬華區
121.494971,25.014887,20191642,2019-10-25,褐根病,2019,萬華區
121.555609,24.988522,20191646,2019-10-28,褐根病,2019,文山區
121.511984,25.114987,20191652,2019-10-28,褐根病,2019,北投區
121.555101,24.989878,20191668,2019-10-29,褐根病,2019,文山區
121.533411,25.063458,20191667,2019-10-29,褐根病,2019,中山區
121.511984,25.114987,20191656,2019-10-29,褐根病,2019,北投區
121.533411,25.063458,20191660,2019-10-29,褐根病,2019,中山區
121.533411,25.063458,20191663,2019-10-29,褐根病,2019,中山區
121.533411,25.063458,20191664,2019-10-29,褐根病,2019,中山區
121.533411,25.063458,20191665,2019-10-29,褐根病,2019,中山區
121.533411,25.063458,20191666,2019-10-29,褐根病,2019,中山區
121.511984,25.114987,20191673,2019-10-30,褐根病,2019,北投區
121.523911,25.060785,20191688,2019-11-01,褐根病,2019,中山區
121.556593,24.977093,20191689,2019-11-01,褐根病,2019,文山區
121.556215,24.976969,20191690,2019-11-01,褐根病,2019,文山區
121.523911,25.060785,20191691,2019-11-01,褐根病,2019,中山區
121.571493,24.986268,20191692,2019-11-01,褐根病,2019,文山區
121.520268,25.151147,20191693,2019-11-01,褐根病,2019,北投區
121.520268,25.151147,20191694,2019-11-01,褐根病,2019,北投區
121.526405,25.147577,20191696,2019-11-01,褐根病,2019,北投區
121.525973,25.15073,20191697,2019-11-01,褐根病,2019,北投區
121.525973,25.15073,20191698,2019-11-01,褐根病,2019,北投區
121.525973,25.15073,20191699,2019-11-01,褐根病,2019,北投區
121.617493,25.042004,20191811,2019-11-07,褐根病,2019,南港區
121.591572,25.054649,20191818,2019-11-07,褐根病,2019,南港區
121.617493,25.042004,20191810,2019-11-07,褐根病,2019,南港區
121.52616,25.019315,20191828,2019-11-11,褐根病,2019,中正區
121.518796,25.09927,20191850,2019-11-14,褐根病,2019,士林區
121.515805,25.079482,20191849,2019-11-14,褐根病,2019,大同區
121.510968,25.033637,20191878,2019-11-20,褐根病,2019,中正區
121.532739,25.036957,20191879,2019-11-20,褐根病,2019,中正區
121.57603,25.081461,20191931,2019-11-28,褐根病,2019,內湖區
121.492095,25.020736,20191940,2019-11-29,褐根病,2019,萬華區
121.492092,25.020744,20191939,2019-11-29,褐根病,2019,萬華區
121.506796,25.034076,20191944,2019-12-02,褐根病,2019,中正區
121.533411,25.063458,20191958,2019-12-04,褐根病,2019,中山區
121.494053,25.017045,20191956,2019-12-04,褐根病,2019,萬華區
121.494069,25.017064,20191957,2019-12-04,褐根病,2019,萬華區
121.524639,25.112935,20191986,2019-12-09,褐根病,2019,北投區
121.522179,25.053439,20191964,2019-12-09,褐根病,2019,中山區
121.50926,25.061388,20191988,2019-12-11,褐根病,2019,大同區
121.50926,25.061388,20191979,2019-12-11,褐根病,2019,大同區
121.592975,25.052675,20191995,2019-12-12,褐根病,2019,南港區
121.592872,25.052809,20191997,2019-12-12,褐根病,2019,南港區
121.558346,25.042009,20192007,2019-12-16,褐根病,2019,信義區
121.522179,25.053439,20192012,2019-12-18,褐根病,2019,中山區
121.522179,25.053439,20192013,2019-12-18,褐根病,2019,中山區
121.522179,25.053439,20192010,2019-12-18,褐根病,2019,中山區
121.522179,25.053439,20192011,2019-12-18,褐根病,2019,中山區
121.523903,25.060785,20192018,2019-12-19,褐根病,2019,中山區
121.523903,25.060785,20192016,2019-12-19,褐根病,2019,中山區
121.50852,25.030727,20192028,2019-12-24,褐根病,2019,中正區
121.50852,25.030727,20192030,2019-12-24,褐根病,2019,中正區
121.50852,25.030727,20192033,2019-12-24,褐根病,2019,中正區
121.50852,25.030727,20192034,2019-12-24,褐根病,2019,中正區
121.50852,25.030727,20192035,2019-12-24,褐根病,2019,中正區
121.50852,25.030727,20192036,2019-12-24,褐根病,2019,中正區
121.50852,25.030727,20192037,2019-12-24,褐根病,2019,中正區
121.50852,25.030727,20192038,2019-12-24,褐根病,2019,中正區
121.50852,25.030727,20192039,2019-12-24,褐根病,2019,中正區
121.50852,25.030727,20192031,2019-12-24,褐根病,2019,中正區
121.506034,25.084134,20192054,2019-12-25,褐根病,2019,士林區
121.49606,25.030809,20192050,2019-12-26,褐根病,2019,萬華區
121.49606,25.030809,20192057,2019-12-26,褐根病,2019,萬華區
121.479727,25.105906,20200001,2020-01-02,褐根病,2020,士林區
121.479727,25.105906,20200002,2020-01-02,褐根病,2020,士林區
121.479727,25.105906,20200003,2020-01-02,褐根病,2020,士林區
121.479727,25.105906,20200004,2020-01-02,褐根病,2020,士林區
121.523375,25.018387,20200016,2020-01-07,褐根病,2020,中正區
121.557799,24.979885,20200015,2020-01-07,褐根病,2020,文山區
121.523475,25.017904,20200019,2020-01-07,褐根病,2020,中正區
121.522888,25.018868,20200020,2020-01-07,褐根病,2020,中正區
121.58549,25.044857,20200033,2020-01-09,褐根病,2020,南港區
121.58549,25.044857,20200034,2020-01-09,褐根病,2020,南港區
121.58549,25.044857,20200029,2020-01-09,褐根病,2020,南港區
121.58549,25.044857,20200032,2020-01-09,褐根病,2020,南港區
121.58549,25.044857,20200030,2020-01-09,褐根病,2020,南港區
121.58549,25.044857,20200031,2020-01-09,褐根病,2020,南港區
121.540751,24.993176,20200038,2020-01-10,褐根病,2020,文山區
121.573499,25.081621,20200044,2020-01-13,褐根病,2020,內湖區
121.506796,25.034076,20200050,2020-01-15,褐根病,2020,中正區
121.534973,25.037643,20200105,2020-01-20,褐根病,2020,大安區
121.534973,25.037643,20200104,2020-01-20,褐根病,2020,大安區
121.52221,25.06684,20200185,2020-02-19,褐根病,2020,中山區
121.535108,25.054986,20200187,2020-02-19,褐根病,2020,中山區
121.555477,25.103567,20200188,2020-02-19,褐根病,2020,士林區
121.555477,25.103567,20200189,2020-02-19,褐根病,2020,士林區
121.555477,25.103567,20200190,2020-02-19,褐根病,2020,士林區
121.575448,25.079737,20200196,2020-02-19,褐根病,2020,內湖區
121.575448,25.079737,20200198,2020-02-19,褐根病,2020,內湖區
121.535225,25.014241,20200284,2020-02-26,褐根病,2020,大安區
121.535225,25.014241,20200285,2020-02-26,褐根病,2020,大安區
121.531418,25.124825,20200332,2020-03-02,褐根病,2020,士林區
121.531418,25.124825,20200331,2020-03-02,褐根病,2020,士林區
121.549101,25.151989,20200374,2020-03-05,褐根病,2020,北投區
121.549101,25.151989,20200375,2020-03-05,褐根病,2020,北投區
121.564129,25.047411,20200391,2020-03-10,褐根病,2020,信義區
121.537459,25.034727,20200395,2020-03-12,褐根病,2020,大安區
121.484838,25.139325,20200412,2020-03-12,褐根病,2020,北投區
121.484838,25.139325,20200416,2020-03-12,褐根病,2020,北投區
121.575448,25.079737,20200457,2020-03-12,褐根病,2020,內湖區
121.517906,25.07593,20200458,2020-03-12,褐根病,2020,大同區
121.517906,25.07593,20200459,2020-03-12,褐根病,2020,大同區
121.517906,25.07593,20200460,2020-03-12,褐根病,2020,大同區
121.517906,25.07593,20200461,2020-03-12,褐根病,2020,大同區
121.491324,25.088478,20200433,2020-03-13,褐根病,2020,士林區
121.491324,25.088478,20200434,2020-03-13,褐根病,2020,士林區
121.491324,25.088478,20200435,2020-03-13,褐根病,2020,士林區
121.491324,25.088478,20200436,2020-03-13,褐根病,2020,士林區
121.491324,25.088478,20200437,2020-03-13,褐根病,2020,士林區
121.491324,25.088478,20200438,2020-03-13,褐根病,2020,士林區
121.491324,25.088478,20200439,2020-03-13,褐根病,2020,士林區
121.491324,25.088478,20200440,2020-03-13,褐根病,2020,士林區
121.491324,25.088478,20200441,2020-03-13,褐根病,2020,士林區
121.491324,25.088478,20200442,2020-03-13,褐根病,2020,士林區
121.491324,25.088478,20200443,2020-03-13,褐根病,2020,士林區
121.491324,25.088478,20200444,2020-03-13,褐根病,2020,士林區
121.565825,25.043878,20200463,2020-03-16,褐根病,2020,信義區
121.565825,25.043878,20200464,2020-03-16,褐根病,2020,信義區
121.565825,25.043878,20200465,2020-03-16,褐根病,2020,信義區
121.565825,25.043878,20200466,2020-03-16,褐根病,2020,信義區
121.565825,25.043878,20200467,2020-03-16,褐根病,2020,信義區
121.565825,25.043878,20200468,2020-03-16,褐根病,2020,信義區
121.565825,25.043878,20200469,2020-03-16,褐根病,2020,信義區
121.540264,25.050622,20200588,2020-03-23,褐根病,2020,中山區
121.54635,25.050087,20200528,2020-03-26,褐根病,2020,松山區
121.55279,25.119345,20200576,2020-03-27,褐根病,2020,士林區
121.55279,25.119345,20200575,2020-03-27,褐根病,2020,士林區
121.55279,25.119345,20200574,2020-03-27,褐根病,2020,士林區
121.55279,25.119345,20200573,2020-03-27,褐根病,2020,士林區
121.55279,25.119345,20200571,2020-03-27,褐根病,2020,士林區
121.55279,25.119345,20200572,2020-03-27,褐根病,2020,士林區
121.5617,25.040967,20200567,2020-03-30,褐根病,2020,信義區
121.5617,25.040967,20200566,2020-03-30,褐根病,2020,信義區
121.556231,25.061642,20200594,2020-04-01,褐根病,2020,松山區
121.565382,25.060768,20200593,2020-04-01,褐根病,2020,松山區
121.552743,25.050433,20200753,2020-04-01,褐根病,2020,松山區
121.552743,25.050433,20200752,2020-04-01,褐根病,2020,松山區
121.552743,25.050433,20200751,2020-04-01,褐根病,2020,松山區
121.552743,25.050433,20200750,2020-04-01,褐根病,2020,松山區
121.552743,25.050433,20200749,2020-04-01,褐根病,2020,松山區
121.552743,25.050433,20200756,2020-04-01,褐根病,2020,松山區
121.552743,25.050433,20200755,2020-04-01,褐根病,2020,松山區
121.549743,25.004899,20200610,2020-04-06,褐根病,2020,文山區
121.549743,25.004899,20200611,2020-04-06,褐根病,2020,文山區
121.619575,25.040269,20200624,2020-04-07,褐根病,2020,南港區
121.619575,25.040269,20200626,2020-04-07,褐根病,2020,南港區
121.484838,25.139325,20200627,2020-04-07,褐根病,2020,北投區
121.484838,25.139325,20200628,2020-04-07,褐根病,2020,北投區
121.484838,25.139325,20200629,2020-04-07,褐根病,2020,北投區
121.619575,25.040269,20200625,2020-04-07,褐根病,2020,南港區
121.54079,24.989491,20200728,2020-04-09,褐根病,2020,文山區
121.530015,25.075414,20200680,2020-04-10,褐根病,2020,中山區
121.537576,25.073633,20200682,2020-04-10,褐根病,2020,中山區
121.54285,25.079432,20200672,2020-04-10,褐根病,2020,中山區
121.54285,25.079432,20200671,2020-04-10,褐根病,2020,中山區
121.537161,25.048532,20200670,2020-04-10,褐根病,2020,中山區
121.537161,25.048532,20200669,2020-04-10,褐根病,2020,中山區
121.504182,25.093799,20200687,2020-04-12,褐根病,2020,士林區
121.504094,25.093818,20200688,2020-04-12,褐根病,2020,士林區
121.552743,25.050433,20200762,2020-04-16,褐根病,2020,松山區
121.578662,25.03271,20200775,2020-04-16,褐根病,2020,信義區
121.578662,25.03271,20200776,2020-04-16,褐根病,2020,信義區
121.578662,25.03271,20200777,2020-04-16,褐根病,2020,信義區
121.578662,25.03271,20200778,2020-04-16,褐根病,2020,信義區
121.506551,25.138879,20200857,2020-04-21,褐根病,2020,北投區
121.498702,25.029159,20200806,2020-04-24,褐根病,2020,萬華區
121.498702,25.029159,20200807,2020-04-24,褐根病,2020,萬華區
121.498702,25.029159,20200809,2020-04-24,褐根病,2020,萬華區
121.523811,25.042394,20200811,2020-04-24,褐根病,2020,中正區
121.523811,25.042394,20200812,2020-04-24,褐根病,2020,中正區
121.498702,25.029159,20200808,2020-04-24,褐根病,2020,萬華區
121.55191,25.058875,20200859,2020-04-24,褐根病,2020,松山區
121.517206,25.091851,20200860,2020-04-24,褐根病,2020,士林區
121.517206,25.091851,20200861,2020-04-24,褐根病,2020,士林區
121.497863,25.023142,20200866,2020-04-27,褐根病,2020,萬華區
121.497863,25.023142,20200867,2020-04-27,褐根病,2020,萬華區
121.521534,25.034751,20200880,2020-04-28,褐根病,2020,中正區
121.530183,25.049759,20200945,2020-05-05,褐根病,2020,中山區
121.530183,25.049759,20200946,2020-05-05,褐根病,2020,中山區
121.530183,25.049759,20200947,2020-05-05,褐根病,2020,中山區
121.530183,25.049759,20200948,2020-05-05,褐根病,2020,中山區
121.579628,25.042055,20200959,2020-05-06,褐根病,2020,信義區
121.579628,25.042055,20200960,2020-05-06,褐根病,2020,信義區
121.558992,25.037328,20200961,2020-05-06,褐根病,2020,信義區
121.577337,25.048839,20200962,2020-05-06,褐根病,2020,信義區
121.574802,25.03586,20200973,2020-05-07,褐根病,2020,信義區
121.553324,25.062986,20201015,2020-05-12,褐根病,2020,松山區
121.574751,25.034586,20201022,2020-05-12,褐根病,2020,信義區
121.556075,25.003438,20201029,2020-05-13,褐根病,2020,文山區
121.555365,25.002318,20201030,2020-05-13,褐根病,2020,文山區
121.546194,25.030764,20201044,2020-05-14,褐根病,2020,大安區
121.550781,25.1016,20201064,2020-05-18,褐根病,2020,士林區
121.548966,25.061231,20201118,2020-05-25,褐根病,2020,松山區
121.548966,25.061231,20201114,2020-05-25,褐根病,2020,松山區
121.548966,25.061231,20201112,2020-05-25,褐根病,2020,松山區
121.548966,25.061231,20201111,2020-05-25,褐根病,2020,松山區
121.528778,25.070225,20201160,2020-05-29,褐根病,2020,中山區
121.528778,25.070225,20201159,2020-05-29,褐根病,2020,中山區
121.528778,25.070225,20201158,2020-05-29,褐根病,2020,中山區
121.539235,24.99481,20201180,2020-06-03,褐根病,2020,文山區
121.523147,25.108407,20201203,2020-06-04,褐根病,2020,士林區
121.523147,25.108407,20201204,2020-06-04,褐根病,2020,士林區
121.523147,25.108407,20201205,2020-06-04,褐根病,2020,士林區
121.523147,25.108407,20201199,2020-06-04,褐根病,2020,士林區
121.523147,25.108407,20201198,2020-06-04,褐根病,2020,士林區
121.523147,25.108407,20201197,2020-06-04,褐根病,2020,士林區
121.523147,25.108407,20201196,2020-06-04,褐根病,2020,士林區
121.523147,25.108407,20201195,2020-06-04,褐根病,2020,士林區
121.523147,25.108407,20201194,2020-06-04,褐根病,2020,士林區
121.523147,25.108407,20201201,2020-06-04,褐根病,2020,士林區
121.523147,25.108407,20201200,2020-06-04,褐根病,2020,士林區
121.536391,24.990507,20201223,2020-06-05,褐根病,2020,文山區
121.491197,25.034077,20201253,2020-06-11,褐根病,2020,萬華區
121.514446,25.024928,20201293,2020-06-13,褐根病,2020,中正區
121.520723,25.072631,20201298,2020-06-15,褐根病,2020,中山區
121.549153,25.032825,20201294,2020-06-15,褐根病,2020,大安區
121.550144,25.04893,20201327,2020-06-18,褐根病,2020,松山區
121.563783,25.058486,20201334,2020-06-19,褐根病,2020,松山區
121.56344,25.056991,20201333,2020-06-19,褐根病,2020,松山區
121.548051,25.032296,20201379,2020-06-24,褐根病,2020,大安區
121.565825,25.043878,20201479,2020-06-28,褐根病,2020,信義區
121.565825,25.043878,20201480,2020-06-28,褐根病,2020,信義區
121.565825,25.043878,20201481,2020-06-28,褐根病,2020,信義區
121.565825,25.043878,20201482,2020-06-28,褐根病,2020,信義區
121.597761,25.07385,20201429,2020-06-29,褐根病,2020,內湖區
121.559782,25.008191,20201385,2020-06-30,褐根病,2020,文山區
121.535108,25.054986,20201389,2020-07-01,褐根病,2020,中山區
121.536742,25.00482,20201414,2020-07-02,褐根病,2020,文山區
121.554276,24.980827,20201413,2020-07-02,褐根病,2020,文山區
121.564972,25.00118,20201412,2020-07-02,褐根病,2020,文山區
121.530183,25.049759,20201410,2020-07-02,褐根病,2020,中山區
121.570859,25.046298,20201391,2020-07-02,褐根病,2020,信義區
121.570859,25.046298,20201390,2020-07-02,褐根病,2020,信義區
121.527457,25.119736,20201462,2020-07-06,褐根病,2020,士林區
121.524194,25.058396,20201438,2020-07-08,褐根病,2020,中山區
121.510582,25.058356,20201441,2020-07-08,褐根病,2020,大同區
121.509604,25.138007,20201449,2020-07-09,褐根病,2020,北投區
121.511134,25.061694,20201447,2020-07-09,褐根病,2020,大同區
121.511134,25.061694,20201456,2020-07-10,褐根病,2020,大同區
121.511605,25.073971,20201487,2020-07-12,褐根病,2020,大同區
121.511605,25.073971,20201488,2020-07-12,褐根病,2020,大同區
121.511605,25.073971,20201486,2020-07-12,褐根病,2020,大同區
121.496205,25.035591,20201472,2020-07-14,褐根病,2020,萬華區
121.551916,25.002416,20201492,2020-07-20,褐根病,2020,文山區
121.551916,25.002416,20201493,2020-07-20,褐根病,2020,文山區
121.530897,25.106102,20201490,2020-07-20,褐根病,2020,士林區
121.551916,25.002416,20201491,2020-07-20,褐根病,2020,文山區
121.538849,25.078639,20201815,2020-07-22,褐根病,2020,中山區
121.530897,25.106102,20201568,2020-07-23,褐根病,2020,士林區
121.509094,25.03523,20201565,2020-07-23,褐根病,2020,中正區
121.509094,25.03523,20201564,2020-07-23,褐根病,2020,中正區
121.530897,25.106102,20201563,2020-07-23,褐根病,2020,士林區
121.509094,25.03523,20201562,2020-07-23,褐根病,2020,中正區
121.546194,25.030764,20201583,2020-07-24,褐根病,2020,大安區
121.513105,25.037492,20201758,2020-07-27,褐根病,2020,中正區
121.513105,25.037492,20201757,2020-07-27,褐根病,2020,中正區
121.513105,25.037492,20201762,2020-07-27,褐根病,2020,中正區
121.513105,25.037492,20201761,2020-07-27,褐根病,2020,中正區
121.513105,25.037492,20201760,2020-07-27,褐根病,2020,中正區
121.513105,25.037492,20201759,2020-07-27,褐根病,2020,中正區
121.536947,25.063467,20201614,2020-07-29,褐根病,2020,中山區
121.522868,25.058936,20201612,2020-07-29,褐根病,2020,中山區
121.519809,25.064611,20201611,2020-07-29,褐根病,2020,中山區
121.569878,25.042246,20201608,2020-07-29,褐根病,2020,信義區
121.55279,25.119345,20201639,2020-07-30,褐根病,2020,士林區
121.55567,25.057412,20201616,2020-07-30,褐根病,2020,松山區
121.565562,25.063011,20201628,2020-07-31,褐根病,2020,松山區
121.4927,25.0181,20201666,2020-08-05,褐根病,2020,萬華區
121.492666,25.019471,20201667,2020-08-05,褐根病,2020,萬華區
121.492544,25.019751,20201668,2020-08-05,褐根病,2020,萬華區
121.557834,24.979931,20201658,2020-08-05,褐根病,2020,文山區
121.545305,24.98512,20201660,2020-08-05,褐根病,2020,文山區
121.5352,25.0023,20201661,2020-08-05,褐根病,2020,文山區
121.526803,25.012986,20201662,2020-08-05,褐根病,2020,中正區
121.4944,25.0151,20201664,2020-08-05,褐根病,2020,萬華區
121.530103,25.075481,20201657,2020-08-05,褐根病,2020,中山區
121.554322,24.978406,20201659,2020-08-05,褐根病,2020,文山區
121.555688,25.056462,20201690,2020-08-06,褐根病,2020,松山區
121.556465,25.053959,20201689,2020-08-06,褐根病,2020,松山區
121.561318,25.056837,20201688,2020-08-06,褐根病,2020,松山區
121.554437,25.053614,20201687,2020-08-06,褐根病,2020,松山區
121.579618,25.119791,20201712,2020-08-06,褐根病,2020,士林區
121.579618,25.119791,20201713,2020-08-06,褐根病,2020,士林區
121.579618,25.119791,20201714,2020-08-06,褐根病,2020,士林區
121.544406,25.058836,20201729,2020-08-10,褐根病,2020,松山區
121.581229,24.998739,20201701,2020-08-10,褐根病,2020,文山區
121.581229,24.998739,20201700,2020-08-10,褐根病,2020,文山區
121.581229,24.998739,20201699,2020-08-10,褐根病,2020,文山區
121.581229,24.998739,20201698,2020-08-10,褐根病,2020,文山區
121.52221,25.06684,20201725,2020-08-11,褐根病,2020,中山區
121.565744,25.063599,20201752,2020-08-12,褐根病,2020,松山區
121.528412,25.02688,20201730,2020-08-12,褐根病,2020,大安區
121.567572,25.001315,20201751,2020-08-14,褐根病,2020,文山區
121.569546,24.999971,20201750,2020-08-14,褐根病,2020,文山區
121.569546,24.999971,20201749,2020-08-14,褐根病,2020,文山區
121.6231,25.076,20201812,2020-08-19,褐根病,2020,內湖區
121.623,25.0753,20201813,2020-08-19,褐根病,2020,內湖區
121.6229,25.0754,20201814,2020-08-19,褐根病,2020,內湖區
121.565528,25.031085,20201797,2020-08-19,褐根病,2020,信義區
121.565528,25.031085,20201796,2020-08-19,褐根病,2020,信義區
121.561673,25.040121,20201795,2020-08-19,褐根病,2020,信義區
121.549336,24.987193,20201794,2020-08-19,褐根病,2020,文山區
121.540171,25.037538,20201792,2020-08-19,褐根病,2020,大安區
121.568347,24.998645,20201790,2020-08-19,褐根病,2020,文山區
121.515295,25.037544,20201849,2020-08-25,褐根病,2020,中正區
121.515295,25.037544,20201848,2020-08-25,褐根病,2020,中正區
121.515295,25.037544,20201847,2020-08-25,褐根病,2020,中正區
121.515295,25.037544,20201846,2020-08-25,褐根病,2020,中正區
121.515295,25.037544,20201845,2020-08-25,褐根病,2020,中正區
121.515295,25.037544,20201844,2020-08-25,褐根病,2020,中正區
121.515295,25.037544,20201843,2020-08-25,褐根病,2020,中正區
121.515295,25.037544,20201842,2020-08-25,褐根病,2020,中正區
121.515295,25.037544,20201837,2020-08-25,褐根病,2020,中正區
121.515295,25.037544,20201859,2020-08-25,褐根病,2020,中正區
121.515295,25.037544,20201841,2020-08-25,褐根病,2020,中正區
121.515295,25.037544,20201840,2020-08-25,褐根病,2020,中正區
121.515295,25.037544,20201839,2020-08-25,褐根病,2020,中正區
121.515295,25.037544,20201838,2020-08-25,褐根病,2020,中正區
121.515295,25.037544,20201833,2020-08-25,褐根病,2020,中正區
121.515295,25.037544,20201834,2020-08-25,褐根病,2020,中正區
121.515295,25.037544,20201836,2020-08-25,褐根病,2020,中正區
121.515295,25.037544,20201835,2020-08-25,褐根病,2020,中正區
121.522534,25.113616,20201884,2020-08-26,褐根病,2020,北投區
121.550428,24.989508,20201909,2020-08-26,褐根病,2020,文山區
121.522534,25.113616,20201883,2020-08-26,褐根病,2020,北投區
121.522534,25.113616,20201882,2020-08-26,褐根病,2020,北投區
121.523801,25.113709,20201881,2020-08-26,褐根病,2020,北投區
121.466846,25.126862,20202014,2020-08-27,褐根病,2020,北投區
121.618745,25.054112,20201879,2020-09-01,褐根病,2020,南港區
121.509094,25.03523,20201887,2020-09-02,褐根病,2020,中正區
121.583303,25.039298,20201933,2020-09-05,褐根病,2020,信義區
121.583303,25.039298,20201931,2020-09-05,褐根病,2020,信義區
121.583303,25.039298,20201930,2020-09-05,褐根病,2020,信義區
121.583303,25.039298,20201929,2020-09-05,褐根病,2020,信義區
121.583303,25.039298,20201928,2020-09-05,褐根病,2020,信義區
121.583303,25.039298,20201925,2020-09-05,褐根病,2020,信義區
121.586787,25.076398,20201958,2020-09-09,褐根病,2020,內湖區
121.586787,25.076398,20201959,2020-09-09,褐根病,2020,內湖區
121.528185,25.041565,20202009,2020-09-10,褐根病,2020,中正區
121.504233,25.134472,20202227,2020-09-14,褐根病,2020,北投區
121.52221,25.06684,20202039,2020-09-14,褐根病,2020,中山區
121.504233,25.134472,20202226,2020-09-14,褐根病,2020,北投區
121.595048,25.052483,20202051,2020-09-16,褐根病,2020,南港區
121.539316,24.99477,20202059,2020-09-17,褐根病,2020,文山區
121.578585,25.042834,20202065,2020-09-18,褐根病,2020,信義區
121.558549,25.006286,20202066,2020-09-18,褐根病,2020,文山區
121.558549,25.006286,20202067,2020-09-18,褐根病,2020,文山區
121.558549,25.006286,20202068,2020-09-18,褐根病,2020,文山區
121.618745,25.054112,20202096,2020-09-22,褐根病,2020,南港區
121.618745,25.054112,20202093,2020-09-22,褐根病,2020,南港區
121.618745,25.054112,20202095,2020-09-22,褐根病,2020,南港區
121.618745,25.054112,20202094,2020-09-22,褐根病,2020,南港區
121.618745,25.054112,20202108,2020-09-22,褐根病,2020,南港區
121.618745,25.054112,20202106,2020-09-22,褐根病,2020,南港區
121.618745,25.054112,20202086,2020-09-22,褐根病,2020,南港區
121.618745,25.054112,20202088,2020-09-22,褐根病,2020,南港區
121.618745,25.054112,20202090,2020-09-22,褐根病,2020,南港區
121.604771,25.056582,20202091,2020-09-22,褐根病,2020,南港區
121.618745,25.054112,20202097,2020-09-22,褐根病,2020,南港區
121.618745,25.054112,20202098,2020-09-22,褐根病,2020,南港區
121.618745,25.054112,20202099,2020-09-22,褐根病,2020,南港區
121.618745,25.054112,20202100,2020-09-22,褐根病,2020,南港區
121.520723,25.072631,20202118,2020-09-23,褐根病,2020,中山區
121.618745,25.054112,20202120,2020-09-23,褐根病,2020,南港區
121.618745,25.054112,20202121,2020-09-23,褐根病,2020,南港區
121.618745,25.054112,20202122,2020-09-23,褐根病,2020,南港區
121.618745,25.054112,20202124,2020-09-23,褐根病,2020,南港區
121.618745,25.054112,20202125,2020-09-23,褐根病,2020,南港區
121.618745,25.054112,20202126,2020-09-23,褐根病,2020,南港區
121.618745,25.054112,20202127,2020-09-23,褐根病,2020,南港區
121.618745,25.054112,20202129,2020-09-23,褐根病,2020,南港區
121.618745,25.054112,20202130,2020-09-23,褐根病,2020,南港區
121.618745,25.054112,20202132,2020-09-23,褐根病,2020,南港區
121.552738,25.050428,20202115,2020-09-23,褐根病,2020,松山區
121.552738,25.050428,20202114,2020-09-23,褐根病,2020,松山區
121.552738,25.050428,20202113,2020-09-23,褐根病,2020,松山區
121.552738,25.050428,20202112,2020-09-23,褐根病,2020,松山區
121.552738,25.050428,20202111,2020-09-23,褐根病,2020,松山區
121.618745,25.054112,20202153,2020-09-24,褐根病,2020,南港區
121.618745,25.054112,20202154,2020-09-24,褐根病,2020,南港區
121.618745,25.054112,20202155,2020-09-24,褐根病,2020,南港區
121.618745,25.054112,20202151,2020-09-24,褐根病,2020,南港區
121.618745,25.054112,20202149,2020-09-24,褐根病,2020,南港區
121.618745,25.054112,20202146,2020-09-24,褐根病,2020,南港區
121.618745,25.054112,20202145,2020-09-24,褐根病,2020,南港區
121.618745,25.054112,20202144,2020-09-24,褐根病,2020,南港區
121.618745,25.054112,20202140,2020-09-24,褐根病,2020,南港區
121.618745,25.054112,20202136,2020-09-24,褐根病,2020,南港區
121.618745,25.054112,20202134,2020-09-24,褐根病,2020,南港區
121.618745,25.054112,20202133,2020-09-24,褐根病,2020,南港區
121.618745,25.054112,20202148,2020-09-24,褐根病,2020,南港區
121.618745,25.054112,20202135,2020-09-24,褐根病,2020,南港區
121.528486,25.020671,20202207,2020-09-29,褐根病,2020,大安區
121.528486,25.020671,20202208,2020-09-29,褐根病,2020,大安區
121.529955,25.10531,20202214,2020-09-29,褐根病,2020,士林區
121.511866,25.061443,20202269,2020-10-12,褐根病,2020,大同區
121.511866,25.061443,20202268,2020-10-12,褐根病,2020,大同區
121.541745,25.045277,20202277,2020-10-13,褐根病,2020,中山區
121.560769,25.060868,20202285,2020-10-14,褐根病,2020,松山區
121.585327,25.037068,20202339,2020-10-19,褐根病,2020,信義區
121.585327,25.037068,20202340,2020-10-19,褐根病,2020,信義區
121.585327,25.037068,20202341,2020-10-19,褐根病,2020,信義區
121.585327,25.037068,20202342,2020-10-19,褐根病,2020,信義區
121.585327,25.037068,20202343,2020-10-19,褐根病,2020,信義區
121.585327,25.037068,20202344,2020-10-19,褐根病,2020,信義區
121.585327,25.037068,20202345,2020-10-19,褐根病,2020,信義區
121.585327,25.037068,20202346,2020-10-19,褐根病,2020,信義區
121.585327,25.037068,20202347,2020-10-19,褐根病,2020,信義區
121.585327,25.037068,20202348,2020-10-19,褐根病,2020,信義區
121.585327,25.037068,20202349,2020-10-19,褐根病,2020,信義區
121.585327,25.037068,20202350,2020-10-19,褐根病,2020,信義區
121.585327,25.037068,20202338,2020-10-19,褐根病,2020,信義區
121.585327,25.037068,20202337,2020-10-19,褐根病,2020,信義區
121.585327,25.037068,20202336,2020-10-19,褐根病,2020,信義區
121.511134,25.061694,20202479,2020-10-19,褐根病,2020,大同區
121.585327,25.037068,20202335,2020-10-19,褐根病,2020,信義區
121.511134,25.061694,20202472,2020-10-19,褐根病,2020,大同區
121.511134,25.061694,20202471,2020-10-19,褐根病,2020,大同區
121.585327,25.037068,20202334,2020-10-19,褐根病,2020,信義區
121.585327,25.037068,20202333,2020-10-19,褐根病,2020,信義區
121.585327,25.037068,20202332,2020-10-19,褐根病,2020,信義區
121.52221,25.06684,20202356,2020-10-20,褐根病,2020,中山區
121.52221,25.06684,20202357,2020-10-20,褐根病,2020,中山區
121.507815,25.08352,20202394,2020-10-20,褐根病,2020,士林區
121.507815,25.08352,20202395,2020-10-20,褐根病,2020,士林區
121.508117,25.083629,20202396,2020-10-20,褐根病,2020,士林區
121.507815,25.08352,20202397,2020-10-20,褐根病,2020,士林區
121.508117,25.083629,20202398,2020-10-20,褐根病,2020,士林區
121.515357,25.091917,20202385,2020-10-21,褐根病,2020,士林區
121.515357,25.091917,20202384,2020-10-21,褐根病,2020,士林區
121.515357,25.091917,20202383,2020-10-21,褐根病,2020,士林區
121.570922,25.02816,20202417,2020-10-22,褐根病,2020,信義區
121.570345,25.029786,20202449,2020-10-23,褐根病,2020,信義區
121.570345,25.029786,20202441,2020-10-23,褐根病,2020,信義區
121.570345,25.029786,20202438,2020-10-23,褐根病,2020,信義區
121.592636,25.053366,20202504,2020-10-27,褐根病,2020,南港區
121.528778,25.070225,20202486,2020-10-27,褐根病,2020,中山區
121.592636,25.053366,20202502,2020-10-27,褐根病,2020,南港區
121.592636,25.053366,20202503,2020-10-27,褐根病,2020,南港區
121.558183,25.061053,20202534,2020-11-02,褐根病,2020,松山區
121.520497,25.070359,20202536,2020-11-02,褐根病,2020,中山區
121.549194,25.027768,20202544,2020-11-03,褐根病,2020,大安區
121.529709,25.122039,20202600,2020-11-06,褐根病,2020,士林區
121.529709,25.122039,20202599,2020-11-06,褐根病,2020,士林區
121.529709,25.122039,20202598,2020-11-06,褐根病,2020,士林區
121.576504,24.987419,20202603,2020-11-09,褐根病,2020,文山區
121.521325,25.031589,20202636,2020-11-10,褐根病,2020,中正區
121.55447,24.977908,20202687,2020-11-20,褐根病,2020,文山區
121.554501,24.977882,20202688,2020-11-20,褐根病,2020,文山區
121.525412,25.015425,20202692,2020-11-20,褐根病,2020,中正區
121.554534,24.977831,20202689,2020-11-20,褐根病,2020,文山區
121.488164,25.032881,20202696,2020-11-22,褐根病,2020,萬華區
121.488493,25.02724,20202698,2020-11-22,褐根病,2020,萬華區
121.551827,25.05967,20202722,2020-11-24,褐根病,2020,松山區
121.551827,25.05967,20202723,2020-11-24,褐根病,2020,松山區
121.56032,25.0245,20202732,2020-11-26,褐根病,2020,信義區
121.620219,25.071773,20202741,2020-11-26,褐根病,2020,內湖區
121.620294,25.071769,20202742,2020-11-26,褐根病,2020,內湖區
121.556529,25.056406,20202751,2020-11-27,褐根病,2020,松山區
121.548869,25.056007,20202882,2020-12-01,褐根病,2020,松山區
121.574,24.988,20202757,2020-12-01,褐根病,2020,文山區
121.548801,25.048083,20202883,2020-12-01,褐根病,2020,松山區
121.55631,25.053916,20202881,2020-12-01,褐根病,2020,松山區
121.526667,25.028086,20202760,2020-12-02,褐根病,2020,大安區
121.562404,25.030033,20202791,2020-12-03,褐根病,2020,信義區
121.562404,25.030033,20202792,2020-12-03,褐根病,2020,信義區
121.579869,24.998263,20202799,2020-12-03,褐根病,2020,文山區
121.579869,24.998263,20202801,2020-12-03,褐根病,2020,文山區
121.579869,24.998263,20202806,2020-12-03,褐根病,2020,文山區
121.579869,24.998263,20202807,2020-12-03,褐根病,2020,文山區
121.579869,24.998263,20202808,2020-12-03,褐根病,2020,文山區
121.560395,25.024224,20202810,2020-12-03,褐根病,2020,信義區
121.579869,24.998263,20202811,2020-12-03,褐根病,2020,文山區
121.579869,24.998263,20202812,2020-12-03,褐根病,2020,文山區
121.579869,24.998263,20202813,2020-12-03,褐根病,2020,文山區
121.579869,24.998263,20202816,2020-12-03,褐根病,2020,文山區
121.579869,24.998263,20202817,2020-12-03,褐根病,2020,文山區
121.579869,24.998263,20202819,2020-12-03,褐根病,2020,文山區
121.579869,24.998263,20202820,2020-12-03,褐根病,2020,文山區
121.579869,24.998263,20202821,2020-12-03,褐根病,2020,文山區
121.579869,24.998263,20202823,2020-12-03,褐根病,2020,文山區
121.579869,24.998263,20202824,2020-12-03,褐根病,2020,文山區
121.579869,24.998263,20202825,2020-12-03,褐根病,2020,文山區
121.579869,24.998263,20202826,2020-12-03,褐根病,2020,文山區
121.579869,24.998263,20202831,2020-12-03,褐根病,2020,文山區
121.579869,24.998263,20202833,2020-12-03,褐根病,2020,文山區
121.579869,24.998263,20202834,2020-12-03,褐根病,2020,文山區
121.579869,24.998263,20202835,2020-12-03,褐根病,2020,文山區
121.570233,24.990293,20202836,2020-12-03,褐根病,2020,文山區
121.570233,24.990293,20202837,2020-12-03,褐根病,2020,文山區
121.570233,24.990293,20202838,2020-12-03,褐根病,2020,文山區
121.56243,25.029993,20202790,2020-12-03,褐根病,2020,信義區
121.570233,24.990293,20202840,2020-12-03,褐根病,2020,文山區
121.570233,24.990293,20202841,2020-12-03,褐根病,2020,文山區
121.570233,24.990293,20202842,2020-12-03,褐根病,2020,文山區
121.570233,24.990293,20202843,2020-12-03,褐根病,2020,文山區
121.570233,24.990293,20202844,2020-12-03,褐根病,2020,文山區
121.570233,24.990293,20202845,2020-12-03,褐根病,2020,文山區
121.570233,24.990293,20202846,2020-12-03,褐根病,2020,文山區
121.528486,25.020671,20202964,2020-12-03,褐根病,2020,大安區
121.528486,25.020671,20202965,2020-12-03,褐根病,2020,大安區
121.528486,25.020671,20202966,2020-12-03,褐根病,2020,大安區
121.528486,25.020671,20202967,2020-12-03,褐根病,2020,大安區
121.528486,25.020671,20202968,2020-12-03,褐根病,2020,大安區
121.528486,25.020671,20202969,2020-12-03,褐根病,2020,大安區
121.528486,25.020671,20202970,2020-12-03,褐根病,2020,大安區
121.528486,25.020671,20202971,2020-12-03,褐根病,2020,大安區
121.528486,25.020671,20202972,2020-12-03,褐根病,2020,大安區
121.528486,25.020671,20202973,2020-12-03,褐根病,2020,大安區
121.528486,25.020671,20202974,2020-12-03,褐根病,2020,大安區
121.562341,25.030088,20202789,2020-12-03,褐根病,2020,信義區
121.562298,25.030141,20202788,2020-12-03,褐根病,2020,信義區
121.579869,24.998263,20202822,2020-12-03,褐根病,2020,文山區
121.570233,24.990293,20202839,2020-12-03,褐根病,2020,文山區
121.562176,25.031592,20202848,2020-12-04,褐根病,2020,信義區
121.568109,24.99884,20202851,2020-12-04,褐根病,2020,文山區
121.561668,25.037264,20202860,2020-12-07,褐根病,2020,信義區
121.555477,25.103567,20202884,2020-12-09,褐根病,2020,士林區
121.519952,25.047007,20202885,2020-12-09,褐根病,2020,中正區
121.618989,25.054237,20202910,2020-12-11,褐根病,2020,南港區
121.618989,25.054237,20202913,2020-12-11,褐根病,2020,南港區
121.618989,25.054237,20202912,2020-12-11,褐根病,2020,南港區
121.618989,25.054237,20202911,2020-12-11,褐根病,2020,南港區
121.618989,25.054237,20202907,2020-12-11,褐根病,2020,南港區
121.618989,25.054237,20202908,2020-12-11,褐根病,2020,南港區
121.618989,25.054237,20202909,2020-12-11,褐根病,2020,南港區
121.566427,25.063364,20202920,2020-12-14,褐根病,2020,松山區
121.566427,25.063364,20202921,2020-12-14,褐根病,2020,松山區
121.566427,25.063364,20202922,2020-12-14,褐根病,2020,松山區
121.517636,25.075929,20202932,2020-12-16,褐根病,2020,大同區
121.532961,25.031147,20202953,2020-12-17,褐根病,2020,大安區
121.532961,25.031147,20202954,2020-12-17,褐根病,2020,大安區
121.532961,25.031147,20202956,2020-12-17,褐根病,2020,大安區
121.532961,25.031147,20202957,2020-12-17,褐根病,2020,大安區
121.532961,25.031147,20202958,2020-12-17,褐根病,2020,大安區
121.532961,25.031147,20202959,2020-12-17,褐根病,2020,大安區
121.532961,25.031147,20202960,2020-12-17,褐根病,2020,大安區
121.532961,25.031147,20202961,2020-12-17,褐根病,2020,大安區
121.532961,25.031147,20202962,2020-12-17,褐根病,2020,大安區
121.532961,25.031147,20202963,2020-12-17,褐根病,2020,大安區
121.532961,25.031147,20202955,2020-12-17,褐根病,2020,大安區
121.462743,25.119619,20202940,2020-12-18,褐根病,2020,北投區
121.462735,25.119644,20202939,2020-12-18,褐根病,2020,北投區
121.46269,25.119682,20202938,2020-12-18,褐根病,2020,北投區
121.462645,25.119762,20202937,2020-12-18,褐根病,2020,北投區
121.524637,25.072444,20202977,2020-12-22,褐根病,2020,中山區
121.524637,25.072444,20202978,2020-12-22,褐根病,2020,中山區
121.524637,25.072444,20202979,2020-12-22,褐根病,2020,中山區
121.524637,25.072444,20202980,2020-12-22,褐根病,2020,中山區
121.551819,25.059583,20203081,2020-12-24,褐根病,2020,松山區
121.510131,25.076351,20203017,2020-12-29,褐根病,2020,大同區
121.551819,25.059583,20203080,2020-12-31,褐根病,2020,松山區
121.505196,25.138287,20210007,2021-01-04,褐根病,2021,北投區
121.505196,25.138287,20210008,2021-01-04,褐根病,2021,北投區
121.505196,25.138287,20210009,2021-01-04,褐根病,2021,北投區
121.466846,25.126862,20210062,2021-01-04,褐根病,2021,北投區
121.506551,25.138879,20210022,2021-01-05,褐根病,2021,北投區
121.556529,25.056406,20210079,2021-01-13,褐根病,2021,松山區
121.52773,25.027938,20210099,2021-01-18,褐根病,2021,大安區
121.556675,25.062051,20210110,2021-01-20,褐根病,2021,松山區
121.556675,25.062051,20210111,2021-01-20,褐根病,2021,松山區
121.556675,25.062051,20210112,2021-01-20,褐根病,2021,松山區
121.556675,25.062051,20210114,2021-01-20,褐根病,2021,松山區
121.536953,25.063472,20210115,2021-01-20,褐根病,2021,中山區
121.566873,25.063355,20210116,2021-01-20,褐根病,2021,松山區
121.566873,25.063355,20210117,2021-01-20,褐根病,2021,松山區
121.556675,25.062051,20210113,2021-01-20,褐根病,2021,松山區
121.514737,25.105929,20210142,2021-01-22,褐根病,2021,北投區
121.514737,25.105929,20210150,2021-01-22,褐根病,2021,北投區
121.514737,25.105929,20210151,2021-01-22,褐根病,2021,北投區
121.514737,25.105929,20210152,2021-01-22,褐根病,2021,北投區
121.514737,25.105929,20210153,2021-01-22,褐根病,2021,北投區
121.514737,25.105929,20210155,2021-01-22,褐根病,2021,北投區
121.514737,25.105929,20210157,2021-01-22,褐根病,2021,北投區
121.514737,25.105929,20210161,2021-01-22,褐根病,2021,北投區
121.514737,25.105929,20210163,2021-01-22,褐根病,2021,北投區
121.514737,25.105929,20210169,2021-01-22,褐根病,2021,北投區
121.514737,25.105929,20210170,2021-01-22,褐根病,2021,北投區
121.514737,25.105929,20210171,2021-01-22,褐根病,2021,北投區
121.514737,25.105929,20210173,2021-01-22,褐根病,2021,北投區
121.618745,25.054112,20210193,2021-01-24,褐根病,2021,南港區
121.618745,25.054112,20210195,2021-01-24,褐根病,2021,南港區
121.618745,25.054112,20210194,2021-01-24,褐根病,2021,南港區
121.504598,25.036064,20210186,2021-01-26,褐根病,2021,萬華區
121.504598,25.036064,20210185,2021-01-26,褐根病,2021,萬華區
121.537459,25.034727,20210183,2021-01-26,褐根病,2021,大安區
121.562598,25.030406,20210224,2021-01-29,褐根病,2021,信義區
121.545397,24.985204,20210254,2021-02-01,褐根病,2021,文山區
121.516672,25.060118,20210255,2021-02-01,褐根病,2021,大同區
121.516672,25.060118,20210256,2021-02-01,褐根病,2021,大同區
121.516672,25.060118,20210257,2021-02-01,褐根病,2021,大同區
121.592636,25.053366,20210266,2021-02-02,褐根病,2021,南港區
121.547078,24.996646,20210267,2021-02-03,褐根病,2021,文山區
121.592636,25.053366,20210268,2021-02-03,褐根病,2021,南港區
121.592636,25.053366,20210269,2021-02-03,褐根病,2021,南港區
121.592636,25.053366,20210270,2021-02-03,褐根病,2021,南港區
121.582958,25.037175,20210278,2021-02-04,褐根病,2021,信義區
121.556529,25.056406,20210281,2021-02-05,褐根病,2021,松山區
121.576312,25.12907,20210298,2021-02-09,褐根病,2021,士林區
121.516672,25.060118,20210322,2021-02-20,褐根病,2021,大同區
121.494076,25.017028,20210318,2021-02-20,褐根病,2021,萬華區
121.516672,25.060118,20210321,2021-02-20,褐根病,2021,大同區
121.494076,25.017028,20210319,2021-02-20,褐根病,2021,萬華區
121.516672,25.060118,20210324,2021-02-22,褐根病,2021,大同區
121.52621,25.01944,20210346,2021-02-23,褐根病,2021,中正區
121.522645,25.023262,20210349,2021-02-24,褐根病,2021,中正區
121.524692,25.077007,20210357,2021-02-25,褐根病,2021,士林區
121.583807,25.007755,20210358,2021-02-25,褐根病,2021,文山區
121.515311,25.037458,20210363,2021-03-01,褐根病,2021,中正區
121.515311,25.037458,20210364,2021-03-01,褐根病,2021,中正區
121.515311,25.037459,20210365,2021-03-01,褐根病,2021,中正區
121.54285,25.079432,20210429,2021-03-09,褐根病,2021,中山區
121.576504,24.987419,20210441,2021-03-10,褐根病,2021,文山區
121.526727,25.01964,20210442,2021-03-10,褐根病,2021,中正區
121.536588,25.001857,20210443,2021-03-10,褐根病,2021,文山區
121.522582,25.096028,20210541,2021-03-18,褐根病,2021,士林區
121.550687,25.101583,20210540,2021-03-18,褐根病,2021,士林區
121.520077,25.034338,20210536,2021-03-19,褐根病,2021,中正區
121.520077,25.034338,20210535,2021-03-19,褐根病,2021,中正區
121.576312,25.12907,20210548,2021-03-23,褐根病,2021,士林區
121.576312,25.12907,20210549,2021-03-23,褐根病,2021,士林區
121.500738,25.020492,20210577,2021-03-24,褐根病,2021,萬華區
121.500738,25.020492,20210570,2021-03-24,褐根病,2021,萬華區
121.500738,25.020492,20210571,2021-03-24,褐根病,2021,萬華區
121.500738,25.020492,20210572,2021-03-24,褐根病,2021,萬華區
121.500738,25.020492,20210573,2021-03-24,褐根病,2021,萬華區
121.500738,25.020492,20210574,2021-03-24,褐根病,2021,萬華區
121.500738,25.020492,20210575,2021-03-24,褐根病,2021,萬華區
121.500738,25.020492,20210576,2021-03-24,褐根病,2021,萬華區
121.57816,25.036455,20210604,2021-03-30,褐根病,2021,信義區
121.532205,25.110759,20210729,2021-04-06,褐根病,2021,士林區
121.546965,25.032231,20210650,2021-04-08,褐根病,2021,大安區
121.546965,25.032231,20210653,2021-04-08,褐根病,2021,大安區
121.546965,25.032231,20210654,2021-04-08,褐根病,2021,大安區
121.536464,25.02191,20210665,2021-04-12,褐根病,2021,大安區
121.611847,25.033472,20210720,2021-04-16,褐根病,2021,南港區
121.526755,25.047061,20210725,2021-04-19,褐根病,2021,中正區
121.547712,24.998544,20210734,2021-04-20,褐根病,2021,文山區
121.552079,24.990938,20210761,2021-04-23,褐根病,2021,文山區
121.538441,24.994661,20210764,2021-04-23,褐根病,2021,文山區
121.595237,25.05171,20210775,2021-04-26,褐根病,2021,南港區
121.565679,25.0838,20210776,2021-04-26,褐根病,2021,內湖區
121.565679,25.0838,20210777,2021-04-26,褐根病,2021,內湖區
121.565679,25.0838,20210778,2021-04-26,褐根病,2021,內湖區
121.565679,25.0838,20210779,2021-04-26,褐根病,2021,內湖區
121.531722,25.030242,20210813,2021-05-03,褐根病,2021,大安區
121.531722,25.030242,20210814,2021-05-03,褐根病,2021,大安區
121.531631,25.030175,20210812,2021-05-03,褐根病,2021,大安區
121.549146,25.019639,20210810,2021-05-04,褐根病,2021,大安區
121.516765,25.069322,20210835,2021-05-06,褐根病,2021,大同區
121.516765,25.069322,20210836,2021-05-06,褐根病,2021,大同區
121.516765,25.069322,20210837,2021-05-06,褐根病,2021,大同區
121.516765,25.069322,20210838,2021-05-06,褐根病,2021,大同區
121.516765,25.069322,20210840,2021-05-06,褐根病,2021,大同區
121.516765,25.069322,20210841,2021-05-06,褐根病,2021,大同區
121.611847,25.033472,20210857,2021-05-07,褐根病,2021,南港區
121.611847,25.033472,20210858,2021-05-07,褐根病,2021,南港區
121.576312,25.12907,20210885,2021-05-11,褐根病,2021,士林區
121.576312,25.12907,20210886,2021-05-11,褐根病,2021,士林區
121.55782,25.040243,20210893,2021-05-12,褐根病,2021,信義區
121.549146,25.019639,20210902,2021-05-13,褐根病,2021,大安區
121.549146,25.019639,20210903,2021-05-13,褐根病,2021,大安區
121.549146,25.019639,20210904,2021-05-13,褐根病,2021,大安區
121.549146,25.019639,20210908,2021-05-13,褐根病,2021,大安區
121.549146,25.019639,20210909,2021-05-13,褐根病,2021,大安區
121.549146,25.019639,20210910,2021-05-13,褐根病,2021,大安區
121.549146,25.019639,20210911,2021-05-13,褐根病,2021,大安區
121.549146,25.019639,20210913,2021-05-13,褐根病,2021,大安區
121.549146,25.019639,20210914,2021-05-13,褐根病,2021,大安區
121.506551,25.138879,20210900,2021-05-13,褐根病,2021,北投區
121.549146,25.019639,20210901,2021-05-13,褐根病,2021,大安區
121.506551,25.138879,20210899,2021-05-13,褐根病,2021,北投區
121.549146,25.019639,20210921,2021-05-14,褐根病,2021,大安區
121.549146,25.019639,20210922,2021-05-14,褐根病,2021,大安區
121.549146,25.019639,20210923,2021-05-14,褐根病,2021,大安區
121.549146,25.019639,20210924,2021-05-14,褐根病,2021,大安區
121.549146,25.019639,20210918,2021-05-14,褐根病,2021,大安區
121.549146,25.019639,20210917,2021-05-14,褐根病,2021,大安區
121.549146,25.019639,20210916,2021-05-14,褐根病,2021,大安區
121.549146,25.019639,20210915,2021-05-14,褐根病,2021,大安區
121.549146,25.019639,20210920,2021-05-14,褐根病,2021,大安區
121.548813,25.037802,20210930,2021-05-17,褐根病,2021,大安區
121.55782,25.040243,20210959,2021-05-20,褐根病,2021,信義區
121.55782,25.040243,20210962,2021-05-20,褐根病,2021,信義區
121.55782,25.040243,20210964,2021-05-20,褐根病,2021,信義區
121.567572,25.001315,20210966,2021-05-20,褐根病,2021,文山區
121.567572,25.001315,20210967,2021-05-20,褐根病,2021,文山區
121.567572,25.001315,20210968,2021-05-20,褐根病,2021,文山區
121.567572,25.001315,20210969,2021-05-20,褐根病,2021,文山區
121.55782,25.040243,20210955,2021-05-20,褐根病,2021,信義區
121.567572,25.001315,20210972,2021-05-21,褐根病,2021,文山區
121.567572,25.001315,20210973,2021-05-21,褐根病,2021,文山區
121.567572,25.001315,20210974,2021-05-21,褐根病,2021,文山區
121.567572,25.001315,20210975,2021-05-21,褐根病,2021,文山區
121.518317,25.10756,20210978,2021-05-21,褐根病,2021,北投區
121.526755,25.047061,20210979,2021-05-21,褐根病,2021,中正區
121.526755,25.047061,20210980,2021-05-21,褐根病,2021,中正區
121.518317,25.10756,20210982,2021-05-21,褐根病,2021,北投區
121.526755,25.047061,20210983,2021-05-21,褐根病,2021,中正區
121.518317,25.10756,20210984,2021-05-21,褐根病,2021,北投區
121.518317,25.10756,20210987,2021-05-21,褐根病,2021,北投區
121.518317,25.10756,20210988,2021-05-21,褐根病,2021,北投區
121.518317,25.10756,20210989,2021-05-21,褐根病,2021,北投區
121.555477,25.103567,20210995,2021-05-24,褐根病,2021,士林區
121.492722,25.027628,20210999,2021-05-25,褐根病,2021,萬華區
121.492722,25.027628,20211011,2021-05-26,褐根病,2021,萬華區
121.526046,25.115868,20211019,2021-05-26,褐根病,2021,士林區
121.543012,25.079781,20211020,2021-05-26,褐根病,2021,中山區
121.543012,25.079781,20211021,2021-05-26,褐根病,2021,中山區
121.543012,25.079781,20211022,2021-05-26,褐根病,2021,中山區
121.543012,25.079781,20211023,2021-05-26,褐根病,2021,中山區
121.543012,25.079781,20211024,2021-05-26,褐根病,2021,中山區
121.543012,25.079781,20211025,2021-05-26,褐根病,2021,中山區
121.543012,25.079781,20211026,2021-05-26,褐根病,2021,中山區
121.543012,25.079781,20211027,2021-05-26,褐根病,2021,中山區
121.543012,25.079781,20211028,2021-05-26,褐根病,2021,中山區
121.543012,25.079781,20211029,2021-05-26,褐根病,2021,中山區
121.543012,25.079781,20211030,2021-05-26,褐根病,2021,中山區
121.543012,25.079781,20211031,2021-05-26,褐根病,2021,中山區
121.506551,25.138879,20211044,2021-05-28,褐根病,2021,北投區
121.506551,25.138879,20211045,2021-05-28,褐根病,2021,北投區
121.506551,25.138879,20211046,2021-05-28,褐根病,2021,北投區
121.506551,25.138879,20211047,2021-05-28,褐根病,2021,北投區
121.558781,25.000559,20211050,2021-05-28,褐根病,2021,文山區
121.558781,25.000559,20211051,2021-05-28,褐根病,2021,文山區
121.558781,25.000559,20211052,2021-05-28,褐根病,2021,文山區
121.558781,25.000559,20211055,2021-05-31,褐根病,2021,文山區
121.558781,25.000559,20211056,2021-05-31,褐根病,2021,文山區
121.558781,25.000559,20211058,2021-05-31,褐根病,2021,文山區
121.558781,25.000559,20211059,2021-05-31,褐根病,2021,文山區
121.558781,25.000559,20211060,2021-05-31,褐根病,2021,文山區
121.558781,25.000559,20211061,2021-05-31,褐根病,2021,文山區
121.558781,25.000559,20211062,2021-05-31,褐根病,2021,文山區
121.558781,25.000559,20211063,2021-05-31,褐根病,2021,文山區
121.558781,25.000559,20211064,2021-05-31,褐根病,2021,文山區
121.558781,25.000559,20211065,2021-05-31,褐根病,2021,文山區
121.558781,25.000559,20211066,2021-05-31,褐根病,2021,文山區
121.558781,25.000559,20211067,2021-05-31,褐根病,2021,文山區
121.558781,25.000559,20211068,2021-05-31,褐根病,2021,文山區
121.558781,25.000559,20211069,2021-05-31,褐根病,2021,文山區
121.558781,25.000559,20211070,2021-05-31,褐根病,2021,文山區
121.558781,25.000559,20211071,2021-05-31,褐根病,2021,文山區
121.558781,25.000559,20211072,2021-05-31,褐根病,2021,文山區
121.558781,25.000559,20211073,2021-05-31,褐根病,2021,文山區
121.558781,25.000559,20211074,2021-05-31,褐根病,2021,文山區
121.558781,25.000559,20211075,2021-05-31,褐根病,2021,文山區
121.558781,25.000559,20211078,2021-05-31,褐根病,2021,文山區
121.558781,25.000559,20211079,2021-05-31,褐根病,2021,文山區
121.558781,25.000559,20211080,2021-05-31,褐根病,2021,文山區
121.578662,25.03271,20211085,2021-06-01,褐根病,2021,信義區
121.578662,25.03271,20211086,2021-06-01,褐根病,2021,信義區
121.578662,25.03271,20211087,2021-06-01,褐根病,2021,信義區
121.578662,25.03271,20211088,2021-06-01,褐根病,2021,信義區
121.526755,25.047061,20211100,2021-06-03,褐根病,2021,中正區
121.556595,25.061642,20211103,2021-06-03,褐根病,2021,松山區
121.525718,25.103587,20211104,2021-06-04,褐根病,2021,士林區
121.510627,25.116567,20211106,2021-06-04,褐根病,2021,北投區
121.514654,25.059774,20211126,2021-06-07,褐根病,2021,大同區
121.514654,25.059774,20211125,2021-06-07,褐根病,2021,大同區
121.50592,25.081641,20211127,2021-06-08,褐根病,2021,士林區
121.50592,25.081641,20211129,2021-06-08,褐根病,2021,士林區
121.519885,25.107679,20211130,2021-06-08,褐根病,2021,北投區
121.515553,25.073106,20211133,2021-06-08,褐根病,2021,大同區
121.515553,25.073106,20211136,2021-06-08,褐根病,2021,大同區
121.515553,25.073106,20211137,2021-06-08,褐根病,2021,大同區
121.515553,25.073106,20211138,2021-06-08,褐根病,2021,大同區
121.549647,25.019507,20211139,2021-06-08,褐根病,2021,大安區
121.549647,25.019507,20211140,2021-06-08,褐根病,2021,大安區
121.549647,25.019507,20211141,2021-06-08,褐根病,2021,大安區
121.549647,25.019507,20211142,2021-06-08,褐根病,2021,大安區
121.549647,25.019507,20211143,2021-06-08,褐根病,2021,大安區
121.571134,25.036443,20211149,2021-06-08,褐根病,2021,信義區
121.571134,25.036443,20211150,2021-06-08,褐根病,2021,信義區
121.571134,25.036443,20211151,2021-06-08,褐根病,2021,信義區
121.496169,25.028526,20211153,2021-06-09,褐根病,2021,萬華區
121.516084,25.072549,20211154,2021-06-09,褐根病,2021,大同區
121.527424,25.071408,20211210,2021-06-10,褐根病,2021,中山區
121.530374,25.069984,20211184,2021-06-11,褐根病,2021,中山區
121.546793,25.051524,20211176,2021-06-15,褐根病,2021,松山區
121.560131,25.085832,20211177,2021-06-15,褐根病,2021,內湖區
121.538082,25.028627,20211171,2021-06-15,褐根病,2021,大安區
121.527822,25.063343,20211185,2021-06-15,褐根病,2021,中山區
121.52177,25.048086,20211214,2021-06-16,褐根病,2021,中山區
121.52177,25.048086,20211213,2021-06-16,褐根病,2021,中山區
121.526872,25.053164,20211211,2021-06-16,褐根病,2021,中山區
121.566403,25.055752,20211216,2021-06-16,褐根病,2021,松山區
121.530127,25.050088,20211188,2021-06-17,褐根病,2021,中山區
121.536779,25.00651,20211226,2021-06-21,褐根病,2021,文山區
121.551193,25.056117,20211230,2021-06-21,褐根病,2021,松山區
121.556595,25.061642,20211231,2021-06-21,褐根病,2021,松山區
121.526872,25.053164,20211232,2021-06-21,褐根病,2021,中山區
121.542501,25.055603,20211280,2021-06-22,褐根病,2021,中山區
121.542501,25.055603,20211279,2021-06-22,褐根病,2021,中山區
121.54139,25.064246,20211242,2021-06-23,褐根病,2021,中山區
121.546793,25.051524,20211236,2021-06-23,褐根病,2021,松山區
121.53898,25.053129,20211281,2021-06-28,褐根病,2021,中山區
121.546793,25.051524,20211272,2021-06-29,褐根病,2021,松山區
121.546793,25.051524,20211273,2021-06-29,褐根病,2021,松山區
121.546793,25.051524,20211278,2021-06-29,褐根病,2021,松山區
121.546793,25.051524,20211274,2021-06-29,褐根病,2021,松山區
121.505531,25.065542,20211456,2021-07-01,褐根病,2021,大同區
121.547997,24.996313,20211320,2021-07-04,褐根病,2021,文山區
121.550306,25.018703,20211340,2021-07-05,褐根病,2021,大安區
121.550306,25.018703,20211341,2021-07-05,褐根病,2021,大安區
121.54285,25.079432,20211350,2021-07-06,褐根病,2021,中山區
121.508833,25.035198,20211355,2021-07-06,褐根病,2021,中正區
121.508833,25.035198,20211356,2021-07-06,褐根病,2021,中正區
121.548851,25.037877,20211359,2021-07-07,褐根病,2021,大安區
121.548606,25.054418,20211457,2021-07-07,褐根病,2021,松山區
121.560613,25.005454,20211366,2021-07-09,褐根病,2021,文山區
121.500673,25.016014,20211378,2021-07-09,褐根病,2021,萬華區
121.492677,25.014132,20211379,2021-07-09,褐根病,2021,萬華區
121.49255,25.017962,20211380,2021-07-09,褐根病,2021,萬華區
121.492523,25.01978,20211381,2021-07-09,褐根病,2021,萬華區
121.488178,25.032807,20211382,2021-07-09,褐根病,2021,萬華區
121.533628,25.007582,20211383,2021-07-09,褐根病,2021,文山區
121.533467,25.007535,20211384,2021-07-09,褐根病,2021,文山區
121.536677,24.990937,20211385,2021-07-09,褐根病,2021,文山區
121.520128,25.079064,20211386,2021-07-09,褐根病,2021,士林區
121.566427,25.063364,20211458,2021-07-09,褐根病,2021,松山區
121.505219,25.049922,20211459,2021-07-10,褐根病,2021,大同區
121.594897,25.055226,20211411,2021-07-13,褐根病,2021,南港區
121.55665,25.05927,20211460,2021-07-16,褐根病,2021,松山區
121.55901,25.05727,20211461,2021-07-16,褐根病,2021,松山區
121.5616,25.05796,20211462,2021-07-16,褐根病,2021,松山區
121.56146,25.06003,20211463,2021-07-16,褐根病,2021,松山區
121.578948,25.044696,20211455,2021-07-19,褐根病,2021,信義區
121.51995,25.048177,20211510,2021-07-20,褐根病,2021,中正區
121.540178,25.050989,20211472,2021-07-21,褐根病,2021,中山區
121.540178,25.050989,20211473,2021-07-21,褐根病,2021,中山區
121.540178,25.050989,20211474,2021-07-21,褐根病,2021,中山區
121.540178,25.050989,20211475,2021-07-21,褐根病,2021,中山區
121.540178,25.050989,20211476,2021-07-21,褐根病,2021,中山區
121.579607,25.043921,20211477,2021-07-21,褐根病,2021,信義區
121.579607,25.043921,20211478,2021-07-21,褐根病,2021,信義區
121.579607,25.043921,20211479,2021-07-21,褐根病,2021,信義區
121.579607,25.043921,20211480,2021-07-21,褐根病,2021,信義區
121.579607,25.043921,20211481,2021-07-21,褐根病,2021,信義區
121.579607,25.043921,20211482,2021-07-21,褐根病,2021,信義區
121.579607,25.043921,20211483,2021-07-21,褐根病,2021,信義區
121.579607,25.043921,20211484,2021-07-21,褐根病,2021,信義區
121.579607,25.043921,20211485,2021-07-21,褐根病,2021,信義區
121.579607,25.043921,20211486,2021-07-21,褐根病,2021,信義區
121.579607,25.043921,20211487,2021-07-21,褐根病,2021,信義區
121.540178,25.050989,20211471,2021-07-21,褐根病,2021,中山區
121.579607,25.043921,20211488,2021-07-21,褐根病,2021,信義區
121.55562,25.0563,20211493,2021-07-22,褐根病,2021,松山區
121.5292,25.070838,20211513,2021-07-22,褐根病,2021,中山區
121.5292,25.070838,20211512,2021-07-22,褐根病,2021,中山區
121.5292,25.070838,20211511,2021-07-22,褐根病,2021,中山區
121.530043,25.065395,20211611,2021-07-23,褐根病,2021,中山區
121.526872,25.053164,20211621,2021-07-26,褐根病,2021,中山區
121.526872,25.053164,20211622,2021-07-26,褐根病,2021,中山區
121.526872,25.053164,20211623,2021-07-26,褐根病,2021,中山區
121.525234,25.07029,20211624,2021-07-26,褐根病,2021,中山區
121.525234,25.07029,20211625,2021-07-26,褐根病,2021,中山區
121.550741,25.057359,20211612,2021-07-26,褐根病,2021,松山區
121.526473,25.019062,20211528,2021-07-27,褐根病,2021,中正區
121.563344,25.059542,20211782,2021-07-28,褐根病,2021,松山區
121.504598,25.036064,20211588,2021-07-29,褐根病,2021,萬華區
121.504598,25.036064,20211593,2021-07-29,褐根病,2021,萬華區
121.610259,25.055991,20211617,2021-08-02,褐根病,2021,南港區
121.610259,25.055991,20211616,2021-08-02,褐根病,2021,南港區
121.466496,25.126497,20211711,2021-08-03,褐根病,2021,北投區
121.592516,25.054148,20211655,2021-08-03,褐根病,2021,南港區
121.592516,25.054148,20211654,2021-08-03,褐根病,2021,南港區
121.593312,25.052392,20211658,2021-08-04,褐根病,2021,南港區
121.611847,25.033472,20211657,2021-08-04,褐根病,2021,南港區
121.606783,25.057204,20211661,2021-08-04,褐根病,2021,南港區
121.561434,25.035909,20211662,2021-08-04,褐根病,2021,信義區
121.537161,25.048532,20211722,2021-08-06,褐根病,2021,中山區
121.537161,25.048532,20211723,2021-08-06,褐根病,2021,中山區
121.537161,25.048532,20211724,2021-08-06,褐根病,2021,中山區
121.537161,25.048532,20211725,2021-08-06,褐根病,2021,中山區
121.537161,25.048532,20211726,2021-08-06,褐根病,2021,中山區
121.543766,24.995184,20211744,2021-08-09,褐根病,2021,文山區
121.563344,25.059542,20211783,2021-08-09,褐根病,2021,松山區
121.570142,25.003418,20211804,2021-08-17,褐根病,2021,文山區
121.537867,25.002166,20211805,2021-08-17,褐根病,2021,文山區
121.53645,25.000202,20211806,2021-08-17,褐根病,2021,文山區
121.570922,25.02816,20211810,2021-08-17,褐根病,2021,信義區
121.52221,25.06684,20211811,2021-08-17,褐根病,2021,中山區
121.563954,25.043692,20211840,2021-08-17,褐根病,2021,信義區
121.563954,25.043692,20211839,2021-08-17,褐根病,2021,信義區
121.563954,25.043692,20211838,2021-08-17,褐根病,2021,信義區
121.563954,25.043692,20211837,2021-08-17,褐根病,2021,信義區
121.563954,25.043692,20211836,2021-08-17,褐根病,2021,信義區
121.563954,25.043692,20211835,2021-08-17,褐根病,2021,信義區
121.563954,25.043692,20211834,2021-08-17,褐根病,2021,信義區
121.563954,25.043692,20211841,2021-08-17,褐根病,2021,信義區
121.563954,25.043692,20211833,2021-08-17,褐根病,2021,信義區
121.563954,25.043692,20211832,2021-08-17,褐根病,2021,信義區
121.563954,25.043692,20211831,2021-08-17,褐根病,2021,信義區
121.563954,25.043692,20211830,2021-08-17,褐根病,2021,信義區
121.563954,25.043692,20211828,2021-08-17,褐根病,2021,信義區
121.563954,25.043692,20211829,2021-08-17,褐根病,2021,信義區
121.57787,25.0517,20212049,2021-08-20,褐根病,2021,松山區
121.563344,25.059542,20211887,2021-08-20,褐根病,2021,松山區
121.55997,25.05403,20211886,2021-08-20,褐根病,2021,松山區
121.57131,25.05118,20212050,2021-08-20,褐根病,2021,松山區
121.530214,25.069105,20211852,2021-08-21,褐根病,2021,中山區
121.530216,25.069107,20211851,2021-08-21,褐根病,2021,中山區
121.530153,25.068967,20211850,2021-08-21,褐根病,2021,中山區
121.530216,25.069107,20211849,2021-08-21,褐根病,2021,中山區
121.530216,25.069107,20211848,2021-08-21,褐根病,2021,中山區
121.527221,25.071619,20211865,2021-08-23,褐根病,2021,中山區
121.52722,25.07162,20211863,2021-08-23,褐根病,2021,中山區
121.52722,25.071619,20211862,2021-08-23,褐根病,2021,中山區
121.561099,25.076741,20211861,2021-08-23,褐根病,2021,中山區
121.557959,25.061153,20211860,2021-08-23,褐根病,2021,松山區
121.540026,25.053247,20211859,2021-08-23,褐根病,2021,中山區
121.540025,25.053247,20211858,2021-08-23,褐根病,2021,中山區
121.506464,25.0494,20211857,2021-08-23,褐根病,2021,大同區
121.530156,25.08969,20211856,2021-08-23,褐根病,2021,士林區
121.593312,25.052392,20211855,2021-08-23,褐根病,2021,南港區
121.530156,25.068968,20211854,2021-08-23,褐根病,2021,中山區
121.593312,25.052392,20211853,2021-08-23,褐根病,2021,南港區
121.578662,25.03271,20212056,2021-08-27,褐根病,2021,信義區
121.55507,25.0504,20212075,2021-08-27,褐根病,2021,松山區
121.563465,25.058297,20212076,2021-08-27,褐根病,2021,松山區
121.523811,25.042394,20212077,2021-08-27,褐根病,2021,中正區
121.536743,25.111379,20212105,2021-08-31,褐根病,2021,士林區
121.541099,25.005154,20212096,2021-09-01,褐根病,2021,文山區
121.511023,25.030921,20212108,2021-09-02,褐根病,2021,中正區
121.511023,25.030921,20212107,2021-09-02,褐根病,2021,中正區
121.567329,25.059828,20212131,2021-09-06,褐根病,2021,松山區
121.567329,25.059828,20212132,2021-09-06,褐根病,2021,松山區
121.567329,25.059828,20212136,2021-09-06,褐根病,2021,松山區
121.567329,25.059828,20212139,2021-09-06,褐根病,2021,松山區
121.567329,25.059828,20212140,2021-09-06,褐根病,2021,松山區
121.567329,25.059828,20212141,2021-09-06,褐根病,2021,松山區
121.567329,25.059828,20212142,2021-09-06,褐根病,2021,松山區
121.567329,25.059828,20212130,2021-09-06,褐根病,2021,松山區
121.567329,25.059828,20212129,2021-09-06,褐根病,2021,松山區
121.462839,25.118835,20212166,2021-09-08,褐根病,2021,北投區
121.565679,25.0838,20212172,2021-09-09,褐根病,2021,內湖區
121.565679,25.0838,20212173,2021-09-09,褐根病,2021,內湖區
121.565679,25.0838,20212174,2021-09-09,褐根病,2021,內湖區
121.550741,25.057359,20212259,2021-09-09,褐根病,2021,松山區
121.565679,25.0838,20212171,2021-09-09,褐根病,2021,內湖區
121.611847,25.033472,20212211,2021-09-13,褐根病,2021,南港區
121.521587,25.111448,20212215,2021-09-13,褐根病,2021,北投區
121.620933,25.072122,20212240,2021-09-16,褐根病,2021,內湖區
121.620933,25.072122,20212241,2021-09-16,褐根病,2021,內湖區
121.55076,25.060831,20212243,2021-09-16,褐根病,2021,松山區
121.548632,25.052539,20212244,2021-09-16,褐根病,2021,松山區
121.549829,25.06029,20212245,2021-09-16,褐根病,2021,松山區
121.561434,25.035909,20212235,2021-09-16,褐根病,2021,信義區
121.620933,25.072122,20212242,2021-09-16,褐根病,2021,內湖區
121.549193,25.15221,20212267,2021-09-20,褐根病,2021,北投區
121.549193,25.15221,20212268,2021-09-20,褐根病,2021,北投區
121.549193,25.15221,20212269,2021-09-20,褐根病,2021,北投區
121.549193,25.15221,20212270,2021-09-20,褐根病,2021,北投區
121.5394,25.05073,20212280,2021-09-23,褐根病,2021,中山區
121.5394,25.05073,20212281,2021-09-23,褐根病,2021,中山區
121.5394,25.05073,20212282,2021-09-23,褐根病,2021,中山區
121.558549,25.006286,20212286,2021-09-23,褐根病,2021,文山區
121.558549,25.006286,20212287,2021-09-23,褐根病,2021,文山區
121.558549,25.006286,20212288,2021-09-23,褐根病,2021,文山區
121.563463,25.033259,20212298,2021-09-24,褐根病,2021,信義區
121.587155,24.986067,20212320,2021-09-29,褐根病,2021,文山區
121.598517,25.089204,20212325,2021-09-29,褐根病,2021,內湖區
121.557761,25.039538,20212334,2021-09-30,褐根病,2021,信義區
121.535108,25.054986,20212340,2021-10-04,褐根病,2021,中山區
121.508421,25.049454,20212377,2021-10-04,褐根病,2021,大同區
121.477346,25.134704,20212363,2021-10-05,褐根病,2021,北投區
121.477346,25.134704,20212368,2021-10-05,褐根病,2021,北投區
121.560221,24.987272,20212379,2021-10-06,褐根病,2021,文山區
121.570031,25.037233,20212408,2021-10-07,褐根病,2021,信義區
121.48396,25.134929,20212390,2021-10-07,褐根病,2021,北投區
121.535108,25.054986,20212422,2021-10-12,褐根病,2021,中山區
121.535108,25.054986,20212421,2021-10-12,褐根病,2021,中山區
121.518317,25.10756,20212419,2021-10-12,褐根病,2021,北投區
121.536422,25.001509,20212416,2021-10-12,褐根病,2021,文山區
121.54512,25.000139,20212414,2021-10-12,褐根病,2021,文山區
121.535108,25.054986,20212420,2021-10-12,褐根病,2021,中山區
121.514737,25.105929,20212437,2021-10-14,褐根病,2021,北投區
121.533177,25.044206,20212462,2021-10-15,褐根病,2021,大安區
121.566835,24.998282,20212476,2021-10-18,褐根病,2021,文山區
121.51711,25.092382,20212529,2021-10-18,褐根病,2021,士林區
121.593944,25.055464,20212512,2021-10-19,褐根病,2021,南港區
121.532328,25.124357,20212530,2021-10-19,褐根病,2021,士林區
121.532205,25.110759,20212851,2021-10-19,褐根病,2021,士林區
121.59505,25.08034,20212695,2021-10-19,褐根病,2021,內湖區
121.59505,25.08034,20212694,2021-10-19,褐根病,2021,內湖區
121.59505,25.08034,20212693,2021-10-19,褐根病,2021,內湖區
121.59505,25.08034,20212692,2021-10-19,褐根病,2021,內湖區
121.59505,25.08034,20212691,2021-10-19,褐根病,2021,內湖區
121.59505,25.08034,20212690,2021-10-19,褐根病,2021,內湖區
121.59505,25.08034,20212689,2021-10-19,褐根病,2021,內湖區
121.59505,25.08034,20212688,2021-10-19,褐根病,2021,內湖區
121.59505,25.08034,20212687,2021-10-19,褐根病,2021,內湖區
121.603472,25.062864,20212683,2021-10-19,褐根病,2021,內湖區
121.603472,25.062864,20212682,2021-10-19,褐根病,2021,內湖區
121.603657,25.06223,20212681,2021-10-19,褐根病,2021,內湖區
121.603472,25.062864,20212680,2021-10-19,褐根病,2021,內湖區
121.603657,25.06223,20212679,2021-10-19,褐根病,2021,內湖區
121.603472,25.062864,20212678,2021-10-19,褐根病,2021,內湖區
121.532205,25.110759,20212852,2021-10-19,褐根病,2021,士林區
121.570922,25.02816,20212542,2021-10-20,褐根病,2021,信義區
121.570571,25.029939,20212541,2021-10-20,褐根病,2021,信義區
121.542961,24.999834,20212553,2021-10-21,褐根病,2021,文山區
121.559987,24.987065,20212560,2021-10-21,褐根病,2021,文山區
121.504621,25.137021,20212705,2021-10-21,褐根病,2021,北投區
121.504621,25.137021,20212706,2021-10-21,褐根病,2021,北投區
121.542975,24.999822,20212554,2021-10-21,褐根病,2021,文山區
121.5224,25.117543,20212579,2021-10-26,褐根病,2021,北投區
121.5224,25.117543,20212580,2021-10-26,褐根病,2021,北投區
121.5224,25.117543,20212581,2021-10-26,褐根病,2021,北投區
121.5224,25.117543,20212583,2021-10-26,褐根病,2021,北投區
121.5224,25.117543,20212582,2021-10-26,褐根病,2021,北投區
121.537793,24.993469,20212589,2021-10-28,褐根病,2021,文山區
121.528665,25.036639,20212684,2021-10-28,褐根病,2021,中正區
121.537919,24.99345,20212590,2021-10-28,褐根病,2021,文山區
121.533355,25.018123,20212593,2021-10-28,褐根病,2021,大安區
121.54415,25.139491,20212601,2021-11-01,褐根病,2021,士林區
121.52221,25.06684,20212603,2021-11-01,褐根病,2021,中山區
121.52221,25.06684,20212604,2021-11-01,褐根病,2021,中山區
121.52221,25.06684,20212605,2021-11-01,褐根病,2021,中山區
121.573793,25.0487,20212685,2021-11-04,褐根病,2021,信義區
121.573793,25.0487,20212686,2021-11-04,褐根病,2021,信義區
121.513015,25.038606,20212639,2021-11-04,褐根病,2021,中正區
121.555477,25.103567,20212637,2021-11-04,褐根病,2021,士林區
121.555477,25.103567,20212636,2021-11-04,褐根病,2021,士林區
121.496399,25.030823,20212633,2021-11-04,褐根病,2021,萬華區
121.602641,25.08334,20212668,2021-11-05,褐根病,2021,內湖區
121.568693,25.035963,20212700,2021-11-09,褐根病,2021,信義區
121.518545,25.085996,20212787,2021-11-11,褐根病,2021,士林區
121.586268,25.069167,20212760,2021-11-15,褐根病,2021,內湖區
121.562298,25.062508,20212761,2021-11-15,褐根病,2021,松山區
121.562298,25.062508,20212762,2021-11-15,褐根病,2021,松山區
121.562298,25.062508,20212763,2021-11-15,褐根病,2021,松山區
121.557381,25.036309,20212765,2021-11-15,褐根病,2021,大安區
121.51358,25.035559,20212777,2021-11-15,褐根病,2021,中正區
121.621506,25.074844,20212796,2021-11-17,褐根病,2021,內湖區
121.549457,25.037619,20212807,2021-11-18,褐根病,2021,大安區
121.53655,25.00148,20212813,2021-11-18,褐根病,2021,文山區
121.53655,25.00148,20212816,2021-11-18,褐根病,2021,文山區
121.502382,25.141582,20212853,2021-11-23,褐根病,2021,北投區
121.54725,24.988138,20212869,2021-11-26,褐根病,2021,文山區
121.559931,24.987088,20212877,2021-11-29,褐根病,2021,文山區
121.559931,24.987074,20212878,2021-11-29,褐根病,2021,文山區
121.513379,25.064287,20212965,2021-11-30,褐根病,2021,大同區
121.549647,25.019507,20212888,2021-12-02,褐根病,2021,大安區
121.513379,25.064287,20212940,2021-12-06,褐根病,2021,大同區
121.487396,25.103352,20212943,2021-12-06,褐根病,2021,士林區
121.487396,25.103352,20212944,2021-12-06,褐根病,2021,士林區
121.487396,25.103352,20212946,2021-12-06,褐根病,2021,士林區
121.487396,25.103352,20212947,2021-12-06,褐根病,2021,士林區
121.487396,25.103352,20212948,2021-12-06,褐根病,2021,士林區
121.487396,25.103352,20212950,2021-12-06,褐根病,2021,士林區
121.487396,25.103352,20212952,2021-12-06,褐根病,2021,士林區
121.559963,24.987049,20212958,2021-12-06,褐根病,2021,文山區
121.560017,24.987136,20212959,2021-12-06,褐根病,2021,文山區
121.560017,24.987136,20212960,2021-12-06,褐根病,2021,文山區
121.560017,24.987136,20212962,2021-12-06,褐根病,2021,文山區
121.512176,25.031132,20212986,2021-12-06,褐根病,2021,中正區
121.529307,25.021894,20212990,2021-12-09,褐根病,2021,大安區
121.553694,25.025735,20213019,2021-12-09,褐根病,2021,大安區
121.516477,25.054387,20213024,2021-12-10,褐根病,2021,大同區
121.560042,24.995801,20213059,2021-12-15,褐根病,2021,文山區
121.55588,24.989186,20213085,2021-12-20,褐根病,2021,文山區
121.563825,25.106099,20213087,2021-12-20,褐根病,2021,士林區
121.529357,25.021137,20213095,2021-12-20,褐根病,2021,大安區
121.529357,25.021137,20213096,2021-12-20,褐根病,2021,大安區
121.493853,25.135948,20213107,2021-12-27,褐根病,2021,北投區
121.493853,25.135948,20213108,2021-12-27,褐根病,2021,北投區
121.493853,25.135948,20213109,2021-12-27,褐根病,2021,北投區
121.493853,25.135948,20213110,2021-12-27,褐根病,2021,北投區
121.493853,25.135948,20213111,2021-12-27,褐根病,2021,北投區
121.493853,25.135948,20213112,2021-12-27,褐根病,2021,北投區
121.493853,25.135948,20213113,2021-12-27,褐根病,2021,北投區
121.493853,25.135948,20213114,2021-12-27,褐根病,2021,北投區
121.493853,25.135948,20213115,2021-12-27,褐根病,2021,北投區
121.493853,25.135948,20213116,2021-12-27,褐根病,2021,北投區
121.522712,25.070514,20213118,2021-12-28,褐根病,2021,中山區
121.522712,25.070514,20213119,2021-12-28,褐根病,2021,中山區
121.5292,25.070838,20213120,2021-12-28,褐根病,2021,中山區
121.5292,25.070838,20213121,2021-12-28,褐根病,2021,中山區
121.5292,25.070838,20213122,2021-12-28,褐根病,2021,中山區
121.5292,25.070838,20213124,2021-12-28,褐根病,2021,中山區
121.5292,25.070838,20213123,2021-12-28,褐根病,2021,中山區
121.5292,25.070838,20213125,2021-12-28,褐根病,2021,中山區
121.5292,25.070838,20213126,2021-12-28,褐根病,2021,中山區
121.5292,25.070838,20213127,2021-12-28,褐根病,2021,中山區
121.522747,25.053091,20213128,2021-12-28,褐根病,2021,中山區
121.522747,25.053091,20213129,2021-12-28,褐根病,2021,中山區
121.522747,25.053091,20213130,2021-12-28,褐根病,2021,中山區
121.530186,25.105232,20220072,2022-01-05,褐根病,2022,士林區
121.565709,25.061974,20220050,2022-01-05,褐根病,2022,松山區
121.565709,25.061974,20220049,2022-01-05,褐根病,2022,松山區
121.565709,25.061974,20220048,2022-01-05,褐根病,2022,松山區
121.565709,25.061974,20220047,2022-01-05,褐根病,2022,松山區
121.621927,25.057495,20220043,2022-01-06,褐根病,2022,南港區
121.500683,25.100791,20220039,2022-01-06,褐根病,2022,北投區
121.526841,25.017692,20220052,2022-01-07,褐根病,2022,中正區
121.526841,25.017692,20220053,2022-01-07,褐根病,2022,中正區
121.526841,25.017692,20220054,2022-01-07,褐根病,2022,中正區
121.526841,25.017692,20220055,2022-01-07,褐根病,2022,中正區
121.526841,25.017692,20220056,2022-01-07,褐根病,2022,中正區
121.575448,25.079737,20220107,2022-01-12,褐根病,2022,內湖區
121.575448,25.079737,20220108,2022-01-12,褐根病,2022,內湖區
121.575448,25.079737,20220109,2022-01-12,褐根病,2022,內湖區
121.575448,25.079737,20220110,2022-01-12,褐根病,2022,內湖區
121.575448,25.079737,20220111,2022-01-12,褐根病,2022,內湖區
121.508267,25.051233,20220114,2022-01-13,褐根病,2022,大同區
121.508267,25.051233,20220115,2022-01-13,褐根病,2022,大同區
121.580094,25.044638,20220128,2022-01-17,褐根病,2022,信義區
121.477346,25.134704,20220130,2022-01-19,褐根病,2022,北投區
121.477346,25.134704,20220131,2022-01-19,褐根病,2022,北投區
121.477346,25.134704,20220132,2022-01-19,褐根病,2022,北投區
121.477346,25.134704,20220133,2022-01-19,褐根病,2022,北投區
121.545752,25.094446,20220187,2022-01-27,褐根病,2022,士林區
121.554043,25.025482,20220188,2022-01-27,褐根病,2022,信義區
121.535122,25.057442,20220192,2022-01-28,褐根病,2022,中山區
121.537196,25.036656,20220197,2022-02-03,褐根病,2022,大安區
121.537196,25.036656,20220198,2022-02-03,褐根病,2022,大安區
121.576504,24.987419,20220215,2022-02-09,褐根病,2022,文山區
121.547679,25.020397,20220221,2022-02-10,褐根病,2022,大安區
121.529445,25.069992,20220255,2022-02-11,褐根病,2022,中山區
121.529445,25.069992,20220254,2022-02-11,褐根病,2022,中山區
121.501502,25.127045,20220245,2022-02-14,褐根病,2022,北投區
121.501502,25.127045,20220247,2022-02-14,褐根病,2022,北投區
121.501502,25.127045,20220248,2022-02-14,褐根病,2022,北投區
121.501502,25.127045,20220249,2022-02-14,褐根病,2022,北投區
121.501502,25.127045,20220251,2022-02-14,褐根病,2022,北投區
121.501502,25.127045,20220252,2022-02-14,褐根病,2022,北投區
121.52847,25.047786,20220256,2022-02-14,褐根病,2022,中山區
121.553032,25.059435,20220277,2022-02-22,褐根病,2022,松山區
121.559474,25.053696,20220307,2022-02-24,褐根病,2022,松山區
121.539533,25.055791,20220308,2022-02-25,褐根病,2022,中山區
121.553032,25.059435,20220301,2022-03-01,褐根病,2022,松山區
121.567666,25.061669,20220327,2022-03-04,褐根病,2022,松山區
121.510468,25.058969,20220328,2022-03-07,褐根病,2022,大同區
121.565041,25.001259,20220330,2022-03-09,褐根病,2022,文山區
121.562298,25.062508,20220334,2022-03-10,褐根病,2022,松山區
121.562298,25.062508,20220335,2022-03-10,褐根病,2022,松山區
121.562298,25.062508,20220336,2022-03-10,褐根病,2022,松山區
121.571113,24.997108,20220338,2022-03-10,褐根病,2022,文山區
121.538832,25.011184,20220362,2022-03-14,褐根病,2022,大安區
121.522079,25.064879,20220397,2022-03-15,褐根病,2022,中山區
121.558261,24.987506,20220379,2022-03-16,褐根病,2022,文山區
121.492722,25.027628,20220380,2022-03-16,褐根病,2022,萬華區
121.492722,25.027628,20220382,2022-03-16,褐根病,2022,萬華區
121.492722,25.027628,20220383,2022-03-16,褐根病,2022,萬華區
121.492722,25.027628,20220384,2022-03-16,褐根病,2022,萬華區
121.492722,25.027628,20220385,2022-03-16,褐根病,2022,萬華區
121.492722,25.027628,20220386,2022-03-16,褐根病,2022,萬華區
121.525887,25.114097,20220389,2022-03-16,褐根病,2022,士林區
121.492722,25.027628,20220387,2022-03-16,褐根病,2022,萬華區
121.521534,25.034751,20220442,2022-03-22,褐根病,2022,中正區
121.52221,25.06684,20220447,2022-03-24,褐根病,2022,中山區
121.52938,25.013065,20220486,2022-03-29,褐根病,2022,中正區
121.55657,25.184524,20220492,2022-03-30,褐根病,2022,北投區
121.552956,25.058156,20220653,2022-03-31,褐根病,2022,松山區
121.467775,25.118346,20220525,2022-04-07,褐根病,2022,北投區
121.467775,25.118346,20220526,2022-04-07,褐根病,2022,北投區
121.467775,25.118346,20220527,2022-04-07,褐根病,2022,北投區
121.467775,25.118346,20220528,2022-04-07,褐根病,2022,北投區
121.467775,25.118346,20220531,2022-04-07,褐根病,2022,北投區
121.467775,25.118346,20220532,2022-04-07,褐根病,2022,北投區
121.467775,25.118346,20220534,2022-04-07,褐根病,2022,北投區
121.467775,25.118346,20220535,2022-04-07,褐根病,2022,北投區
121.467775,25.118346,20220537,2022-04-07,褐根病,2022,北投區
121.467775,25.118346,20220542,2022-04-07,褐根病,2022,北投區
121.467775,25.118346,20220544,2022-04-07,褐根病,2022,北投區
121.467775,25.118346,20220545,2022-04-07,褐根病,2022,北投區
121.467775,25.118346,20220546,2022-04-07,褐根病,2022,北投區
121.467775,25.118346,20220547,2022-04-07,褐根病,2022,北投區
121.492722,25.027628,20220564,2022-04-08,褐根病,2022,萬華區
121.492722,25.027628,20220565,2022-04-08,褐根病,2022,萬華區
121.492722,25.027628,20220566,2022-04-08,褐根病,2022,萬華區
121.492722,25.027628,20220567,2022-04-08,褐根病,2022,萬華區
121.552956,25.058156,20220654,2022-04-08,褐根病,2022,松山區
121.548846,25.037818,20220576,2022-04-11,褐根病,2022,大安區
121.531565,25.021202,20220577,2022-04-11,褐根病,2022,大安區
121.557751,25.039387,20220590,2022-04-12,褐根病,2022,信義區
121.557338,25.034588,20220610,2022-04-12,褐根病,2022,大安區
121.467658,25.132803,20220612,2022-04-12,褐根病,2022,北投區
121.467658,25.132803,20220613,2022-04-12,褐根病,2022,北投區
121.467658,25.132803,20220615,2022-04-12,褐根病,2022,北投區
121.467658,25.132803,20220616,2022-04-12,褐根病,2022,北投區
121.594945,25.080034,20220618,2022-04-12,褐根病,2022,內湖區
121.594945,25.080034,20220619,2022-04-12,褐根病,2022,內湖區
121.594945,25.080034,20220620,2022-04-12,褐根病,2022,內湖區
121.611847,25.033472,20220634,2022-04-14,褐根病,2022,南港區
121.547177,25.158458,20220637,2022-04-14,褐根病,2022,北投區
121.527772,25.047394,20220655,2022-04-15,褐根病,2022,中山區
121.522081,25.032333,20220681,2022-04-20,褐根病,2022,中正區
121.577506,25.062167,20220684,2022-04-20,褐根病,2022,內湖區
121.532947,25.068939,20220729,2022-04-25,褐根病,2022,中山區
121.558301,25.05766,20220730,2022-04-28,褐根病,2022,松山區
121.549146,25.019639,20220726,2022-04-29,褐根病,2022,大安區
121.549146,25.019639,20220727,2022-04-29,褐根病,2022,大安區
121.51246,25.0302,20220731,2022-05-03,褐根病,2022,中正區
121.552937,25.058131,20220777,2022-05-03,褐根病,2022,松山區
121.5896,25.069275,20220734,2022-05-04,褐根病,2022,內湖區
121.528695,25.043705,20220741,2022-05-05,褐根病,2022,中正區
121.521799,25.112142,20220765,2022-05-12,褐根病,2022,北投區
121.52196,25.111373,20220766,2022-05-12,褐根病,2022,北投區
121.536752,25.001639,20220809,2022-05-18,褐根病,2022,文山區
121.604684,25.086704,20220818,2022-05-20,褐根病,2022,內湖區
121.557763,25.061132,20220865,2022-05-24,褐根病,2022,松山區
121.517825,25.086206,20220904,2022-05-24,褐根病,2022,士林區
121.53772,25.114732,20220840,2022-05-25,褐根病,2022,士林區
121.558983,25.05923,20220975,2022-05-26,褐根病,2022,松山區
121.558985,25.059165,20220974,2022-05-26,褐根病,2022,松山區
121.558925,25.059184,20220973,2022-05-26,褐根病,2022,松山區
121.558892,25.059228,20220972,2022-05-26,褐根病,2022,松山區
121.604684,25.086704,20220908,2022-05-30,褐根病,2022,內湖區
121.536611,25.037599,20220981,2022-06-02,褐根病,2022,大安區
121.536611,25.037599,20220982,2022-06-02,褐根病,2022,大安區
121.536611,25.037599,20220983,2022-06-02,褐根病,2022,大安區
121.536611,25.037599,20220984,2022-06-02,褐根病,2022,大安區
121.541876,25.053256,20220988,2022-06-02,褐根病,2022,中山區
121.541873,25.053196,20220989,2022-06-02,褐根病,2022,中山區
121.541873,25.053196,20220990,2022-06-02,褐根病,2022,中山區
121.559758,25.05963,20221001,2022-06-05,褐根病,2022,松山區
121.522206,25.072486,20221002,2022-06-06,褐根病,2022,中山區
121.5648,24.98168,20221014,2022-06-09,褐根病,2022,文山區
121.510467,25.060641,20221015,2022-06-09,褐根病,2022,大同區
121.559764,25.059639,20221027,2022-06-09,褐根病,2022,松山區
121.530183,25.049759,20221018,2022-06-10,褐根病,2022,中山區
121.530183,25.049759,20221019,2022-06-10,褐根病,2022,中山區
121.536492,25.001071,20221024,2022-06-10,褐根病,2022,文山區
121.562534,25.030327,20221029,2022-06-13,褐根病,2022,信義區
121.52221,25.06684,20221037,2022-06-13,褐根病,2022,中山區
121.546817,25.084367,20221077,2022-06-13,褐根病,2022,中山區
121.547148,25.084962,20221078,2022-06-13,褐根病,2022,中山區
121.539847,25.064178,20221079,2022-06-13,褐根病,2022,中山區
121.546817,25.084367,20221076,2022-06-13,褐根病,2022,中山區
121.576504,24.987419,20221045,2022-06-14,褐根病,2022,文山區
121.574287,25.052922,20221046,2022-06-14,褐根病,2022,內湖區
121.538832,25.011184,20221054,2022-06-14,褐根病,2022,大安區
121.539966,25.111168,20221064,2022-06-14,褐根病,2022,士林區
121.539966,25.111168,20221065,2022-06-14,褐根病,2022,士林區
121.539966,25.111168,20221066,2022-06-14,褐根病,2022,士林區
121.558115,25.061276,20221084,2022-06-14,褐根病,2022,松山區
121.558477,25.061256,20221083,2022-06-14,褐根病,2022,松山區
121.558356,25.061244,20221082,2022-06-14,褐根病,2022,松山區
121.512552,25.065186,20221081,2022-06-14,褐根病,2022,大同區
121.512559,25.065179,20221080,2022-06-14,褐根病,2022,大同區
121.50549,25.023996,20221043,2022-06-14,褐根病,2022,萬華區
121.519166,25.119182,20221067,2022-06-15,褐根病,2022,北投區
121.54883,25.037865,20221073,2022-06-16,褐根病,2022,大安區
121.54883,25.037865,20221072,2022-06-16,褐根病,2022,大安區
121.54883,25.037865,20221071,2022-06-16,褐根病,2022,大安區
121.540828,25.06325,20221247,2022-06-16,褐根病,2022,中山區
121.519729,25.073661,20221088,2022-06-17,褐根病,2022,大同區
121.554809,25.050851,20221305,2022-06-17,褐根病,2022,松山區
121.552955,25.058157,20221306,2022-06-17,褐根病,2022,松山區
121.507702,25.049539,20221246,2022-06-18,褐根病,2022,大同區
121.555477,25.103567,20221119,2022-06-20,褐根病,2022,士林區
121.574775,25.035387,20221232,2022-06-23,褐根病,2022,信義區
121.577506,25.062167,20221244,2022-06-27,褐根病,2022,內湖區
121.548821,25.037866,20221256,2022-06-28,褐根病,2022,大安區
121.548821,25.037866,20221257,2022-06-28,褐根病,2022,大安區
121.527383,25.029599,20221259,2022-06-28,褐根病,2022,大安區
121.552163,25.056459,20221261,2022-06-28,褐根病,2022,松山區
121.552163,25.056459,20221262,2022-06-28,褐根病,2022,松山區
121.529419,25.069022,20221358,2022-06-28,褐根病,2022,中山區
121.517642,25.099762,20221275,2022-06-29,褐根病,2022,士林區
121.518343,25.035539,20221277,2022-06-29,褐根病,2022,中正區
121.557994,25.048456,20221287,2022-07-01,褐根病,2022,松山區
121.529931,25.105291,20221290,2022-07-01,褐根病,2022,士林區
121.516672,25.060118,20221291,2022-07-01,褐根病,2022,大同區
121.551285,25.06011,20221307,2022-07-03,褐根病,2022,松山區
121.548703,25.057334,20221308,2022-07-03,褐根病,2022,松山區
121.531058,25.110582,20221294,2022-07-04,褐根病,2022,士林區
121.531058,25.110582,20221295,2022-07-04,褐根病,2022,士林區
121.531058,25.110582,20221296,2022-07-04,褐根病,2022,士林區
121.531058,25.110582,20221297,2022-07-04,褐根病,2022,士林區
121.531058,25.110582,20221298,2022-07-04,褐根病,2022,士林區
121.552095,25.056749,20221302,2022-07-04,褐根病,2022,松山區
121.552095,25.056749,20221303,2022-07-04,褐根病,2022,松山區
121.53801,24.99284,20221312,2022-07-05,褐根病,2022,文山區
121.574748,25.034467,20221323,2022-07-08,褐根病,2022,信義區
121.574779,25.035477,20221330,2022-07-12,褐根病,2022,信義區
121.57478,25.035556,20221331,2022-07-12,褐根病,2022,信義區
121.574775,25.035387,20221332,2022-07-12,褐根病,2022,信義區
121.518527,25.061275,20221338,2022-07-13,褐根病,2022,大同區
121.548821,25.037866,20221341,2022-07-13,褐根病,2022,大安區
121.548821,25.037866,20221342,2022-07-13,褐根病,2022,大安區
121.555362,25.056757,20221344,2022-07-14,褐根病,2022,松山區
121.55814,25.061333,20221359,2022-07-14,褐根病,2022,松山區
121.557988,25.061316,20221360,2022-07-14,褐根病,2022,松山區
121.561907,25.078179,20221474,2022-07-15,褐根病,2022,中山區
121.507435,25.081614,20221353,2022-07-15,褐根病,2022,士林區
121.514329,25.081314,20221356,2022-07-15,褐根病,2022,士林區
121.531953,25.065571,20221505,2022-07-18,褐根病,2022,中山區
121.531953,25.065571,20221570,2022-07-18,褐根病,2022,中山區
121.538203,25.033052,20221384,2022-07-21,褐根病,2022,大安區
121.561385,25.047599,20221506,2022-07-22,褐根病,2022,松山區
121.531681,25.056489,20221572,2022-08-01,褐根病,2022,中山區
121.531681,25.056489,20221573,2022-08-01,褐根病,2022,中山區
121.521846,25.073867,20221574,2022-08-01,褐根病,2022,中山區
121.532976,25.070152,20221571,2022-08-01,褐根病,2022,中山區
121.566882,25.061618,20221507,2022-08-01,褐根病,2022,松山區
121.532976,25.070152,20221509,2022-08-01,褐根病,2022,中山區
121.565374,25.060241,20221508,2022-08-01,褐根病,2022,松山區
121.530186,25.105232,20221629,2022-08-05,褐根病,2022,士林區
121.507668,25.036954,20221529,2022-08-05,褐根病,2022,中正區
121.5365,25.003167,20221530,2022-08-05,褐根病,2022,文山區
121.536443,25.001105,20221531,2022-08-05,褐根病,2022,文山區
121.536453,25.001143,20221532,2022-08-05,褐根病,2022,文山區
121.514183,25.052027,20221540,2022-08-08,褐根病,2022,大同區
121.558138,25.061334,20221575,2022-08-08,褐根病,2022,松山區
121.526141,25.014589,20221535,2022-08-08,褐根病,2022,中正區
121.490086,25.025052,20221536,2022-08-08,褐根病,2022,萬華區
121.49009,25.024798,20221537,2022-08-08,褐根病,2022,萬華區
121.548789,25.045261,20221628,2022-08-09,褐根病,2022,松山區
121.530183,25.049759,20221585,2022-08-12,褐根病,2022,中山區
121.518301,25.087392,20221586,2022-08-12,褐根病,2022,士林區
121.518301,25.087392,20221587,2022-08-12,褐根病,2022,士林區
121.524278,25.117218,20221582,2022-08-12,褐根病,2022,士林區
121.496205,25.035591,20221581,2022-08-12,褐根病,2022,萬華區
121.496205,25.035591,20221580,2022-08-12,褐根病,2022,萬華區
121.530183,25.049759,20221584,2022-08-12,褐根病,2022,中山區
121.546793,25.051524,20221595,2022-08-15,褐根病,2022,松山區
121.530183,25.049759,20221621,2022-08-16,褐根病,2022,中山區
121.565229,25.001086,20221605,2022-08-16,褐根病,2022,文山區
121.601442,25.06726,20221632,2022-08-17,褐根病,2022,內湖區
121.601693,25.067461,20221631,2022-08-17,褐根病,2022,內湖區
121.549122,25.022065,20221636,2022-08-18,褐根病,2022,大安區
121.516672,25.060118,20221654,2022-08-19,褐根病,2022,大同區
121.558994,24.986811,20221658,2022-08-19,褐根病,2022,文山區
121.594945,25.080034,20221647,2022-08-19,褐根病,2022,內湖區
121.594945,25.080034,20221646,2022-08-19,褐根病,2022,內湖區
121.594945,25.080034,20221645,2022-08-19,褐根病,2022,內湖區
121.594945,25.080034,20221644,2022-08-19,褐根病,2022,內湖區
121.516672,25.060118,20221649,2022-08-19,褐根病,2022,大同區
121.516672,25.060118,20221650,2022-08-19,褐根病,2022,大同區
121.514155,25.051941,20221667,2022-08-22,褐根病,2022,大同區
121.587173,25.069184,20221660,2022-08-22,褐根病,2022,內湖區
121.5706,25.05278,20221706,2022-08-25,褐根病,2022,松山區
121.56991,25.05666,20221707,2022-08-25,褐根病,2022,松山區
121.56982,25.05716,20221708,2022-08-25,褐根病,2022,松山區
121.56946,25.05928,20221709,2022-08-25,褐根病,2022,松山區
121.55587,25.05508,20221711,2022-08-25,褐根病,2022,松山區
121.56115,25.0616,20221716,2022-08-25,褐根病,2022,松山區
121.5615,25.05987,20221717,2022-08-25,褐根病,2022,松山區
121.56048,25.06077,20221718,2022-08-25,褐根病,2022,松山區
121.5613,25.06137,20221719,2022-08-25,褐根病,2022,松山區
121.5616,25.05791,20221710,2022-08-25,褐根病,2022,松山區
121.561885,25.078283,20221818,2022-08-26,褐根病,2022,中山區
121.561885,25.078283,20221822,2022-08-26,褐根病,2022,中山區
121.548367,25.026496,20221712,2022-08-29,褐根病,2022,大安區
121.61377,25.041728,20221725,2022-08-30,褐根病,2022,南港區
121.506976,25.022083,20221734,2022-08-31,褐根病,2022,萬華區
121.49288,25.01985,20221721,2022-08-31,褐根病,2022,萬華區
121.564802,25.054374,20221737,2022-09-01,褐根病,2022,松山區
121.516672,25.060118,20221748,2022-09-01,褐根病,2022,大同區
121.53803,25.0249,20221746,2022-09-01,褐根病,2022,大安區
121.53803,25.0249,20221745,2022-09-01,褐根病,2022,大安區
121.53803,25.0249,20221744,2022-09-01,褐根病,2022,大安區
121.564802,25.054374,20221741,2022-09-01,褐根病,2022,松山區
121.564802,25.054374,20221740,2022-09-01,褐根病,2022,松山區
121.564802,25.054374,20221739,2022-09-01,褐根病,2022,松山區
121.553378,25.04803,20221824,2022-09-04,褐根病,2022,松山區
121.538169,25.063929,20221812,2022-09-05,褐根病,2022,中山區
121.539554,25.063446,20221814,2022-09-05,褐根病,2022,中山區
121.595726,25.052322,20221754,2022-09-05,褐根病,2022,南港區
121.507589,25.126902,20221765,2022-09-06,褐根病,2022,北投區
121.507589,25.126902,20221763,2022-09-06,褐根病,2022,北投區
121.507589,25.126902,20221762,2022-09-06,褐根病,2022,北投區
121.507589,25.126902,20221761,2022-09-06,褐根病,2022,北投區
121.493074,25.017655,20221760,2022-09-06,褐根病,2022,萬華區
121.507589,25.126902,20221758,2022-09-06,褐根病,2022,北投區
121.507589,25.126902,20221764,2022-09-06,褐根病,2022,北投區
121.538619,25.063655,20221815,2022-09-07,褐根病,2022,中山區
121.561891,25.078339,20221816,2022-09-07,褐根病,2022,中山區
121.545158,25.08271,20221819,2022-09-07,褐根病,2022,中山區
121.545174,25.082677,20221820,2022-09-07,褐根病,2022,中山區
121.545183,25.082662,20221821,2022-09-07,褐根病,2022,中山區
121.542029,25.000368,20221777,2022-09-07,褐根病,2022,文山區
121.54181,25.000489,20221776,2022-09-07,褐根病,2022,文山區
121.54161,25.0006,20221775,2022-09-07,褐根病,2022,文山區
121.617946,25.042109,20221809,2022-09-12,褐根病,2022,南港區
121.617983,25.042137,20221810,2022-09-12,褐根病,2022,南港區
121.617983,25.042137,20221811,2022-09-12,褐根病,2022,南港區
121.548799,25.037843,20221790,2022-09-12,褐根病,2022,大安區
121.548799,25.037843,20221789,2022-09-12,褐根病,2022,大安區
121.513379,25.064287,20221786,2022-09-12,褐根病,2022,大同區
121.618336,25.042208,20221808,2022-09-12,褐根病,2022,南港區
121.546963,24.987046,20221828,2022-09-13,褐根病,2022,文山區
121.518343,25.035539,20221852,2022-09-14,褐根病,2022,中正區
121.4896,25.02684,20221875,2022-09-19,褐根病,2022,萬華區
121.576504,24.987419,20221877,2022-09-19,褐根病,2022,文山區
121.560257,25.039514,20221918,2022-09-20,褐根病,2022,信義區
121.565498,25.001364,20221937,2022-09-22,褐根病,2022,文山區
121.537966,24.992651,20221942,2022-09-22,褐根病,2022,文山區
121.610259,25.055991,20221957,2022-09-23,褐根病,2022,南港區
121.610259,25.055991,20221953,2022-09-23,褐根病,2022,南港區
121.610259,25.055991,20221956,2022-09-23,褐根病,2022,南港區
121.540264,25.050622,20221967,2022-09-26,褐根病,2022,中山區
121.540264,25.050622,20221968,2022-09-26,褐根病,2022,中山區
121.540264,25.050622,20221969,2022-09-26,褐根病,2022,中山區
121.540264,25.050622,20221970,2022-09-26,褐根病,2022,中山區
121.540264,25.050622,20221971,2022-09-26,褐根病,2022,中山區
121.540264,25.050622,20221972,2022-09-26,褐根病,2022,中山區
121.540264,25.050622,20221973,2022-09-26,褐根病,2022,中山區
121.540264,25.050622,20221975,2022-09-26,褐根病,2022,中山區
121.540264,25.050622,20221976,2022-09-26,褐根病,2022,中山區
121.540264,25.050622,20221978,2022-09-26,褐根病,2022,中山區
121.540264,25.050622,20221966,2022-09-26,褐根病,2022,中山區
121.540264,25.050622,20221980,2022-09-26,褐根病,2022,中山區
121.540264,25.050622,20221981,2022-09-26,褐根病,2022,中山區
121.540264,25.050622,20221982,2022-09-26,褐根病,2022,中山區
121.540264,25.050622,20221983,2022-09-26,褐根病,2022,中山區
121.540264,25.050622,20221984,2022-09-26,褐根病,2022,中山區
121.540264,25.050622,20221964,2022-09-26,褐根病,2022,中山區
121.540264,25.050622,20221963,2022-09-26,褐根病,2022,中山區
121.540264,25.050622,20221961,2022-09-26,褐根病,2022,中山區
121.540264,25.050622,20221960,2022-09-26,褐根病,2022,中山區
121.540264,25.050622,20221959,2022-09-26,褐根病,2022,中山區
121.540264,25.050622,20221958,2022-09-26,褐根病,2022,中山區
121.540264,25.050622,20221965,2022-09-26,褐根病,2022,中山區
121.540264,25.050622,20221979,2022-09-26,褐根病,2022,中山區
121.571344,25.032374,20222000,2022-09-28,褐根病,2022,信義區
121.618184,25.040785,20222001,2022-09-28,褐根病,2022,南港區
121.490095,25.024825,20222019,2022-09-29,褐根病,2022,萬華區
121.490095,25.024825,20222020,2022-09-29,褐根病,2022,萬華區
121.490095,25.024825,20222021,2022-09-29,褐根病,2022,萬華區
121.490052,25.025131,20222016,2022-09-29,褐根病,2022,萬華區
121.490059,25.025131,20222018,2022-09-29,褐根病,2022,萬華區
121.490059,25.025131,20222017,2022-09-29,褐根病,2022,萬華區
121.556793,25.036581,20222029,2022-10-03,褐根病,2022,大安區
121.521534,25.034751,20222026,2022-10-03,褐根病,2022,中正區
121.539554,25.048031,20222047,2022-10-04,褐根病,2022,中山區
121.538258,25.064113,20222046,2022-10-04,褐根病,2022,中山區
121.547395,25.082554,20222045,2022-10-04,褐根病,2022,中山區
121.565374,25.060241,20222044,2022-10-04,褐根病,2022,松山區
121.46257,25.120207,20222063,2022-10-05,褐根病,2022,北投區
121.530183,25.049759,20222085,2022-10-06,褐根病,2022,中山區
121.619575,25.040269,20222094,2022-10-07,褐根病,2022,南港區
121.618056,25.042194,20222118,2022-10-08,褐根病,2022,南港區
121.496205,25.035591,20222186,2022-10-14,褐根病,2022,萬華區
121.529537,25.117326,20222192,2022-10-15,褐根病,2022,士林區
121.529537,25.117326,20222193,2022-10-15,褐根病,2022,士林區
121.529537,25.117326,20222194,2022-10-15,褐根病,2022,士林區
121.529537,25.117326,20222195,2022-10-15,褐根病,2022,士林區
121.529537,25.117326,20222196,2022-10-15,褐根病,2022,士林區
121.529537,25.117326,20222191,2022-10-15,褐根病,2022,士林區
121.535351,25.030152,20222203,2022-10-17,褐根病,2022,大安區
121.552651,25.016015,20222209,2022-10-17,褐根病,2022,大安區
121.552651,25.016015,20222210,2022-10-17,褐根病,2022,大安區
121.586787,25.076398,20222216,2022-10-19,褐根病,2022,內湖區
121.498702,25.029159,20222263,2022-10-21,褐根病,2022,萬華區
121.498702,25.029159,20222264,2022-10-21,褐根病,2022,萬華區
121.498702,25.029159,20222265,2022-10-21,褐根病,2022,萬華區
121.498702,25.029159,20222266,2022-10-21,褐根病,2022,萬華區
121.539576,25.050377,20222312,2022-10-21,褐根病,2022,中山區
121.539576,25.050377,20222311,2022-10-21,褐根病,2022,中山區
121.539576,25.050377,20222310,2022-10-21,褐根病,2022,中山區
121.539576,25.050377,20222292,2022-10-21,褐根病,2022,中山區
121.539576,25.050377,20222293,2022-10-21,褐根病,2022,中山區
121.539576,25.050377,20222294,2022-10-21,褐根病,2022,中山區
121.539576,25.050377,20222295,2022-10-21,褐根病,2022,中山區
121.539576,25.050377,20222296,2022-10-21,褐根病,2022,中山區
121.539576,25.050377,20222297,2022-10-21,褐根病,2022,中山區
121.539576,25.050377,20222298,2022-10-21,褐根病,2022,中山區
121.539576,25.050377,20222299,2022-10-21,褐根病,2022,中山區
121.539576,25.050377,20222300,2022-10-21,褐根病,2022,中山區
121.539576,25.050377,20222301,2022-10-21,褐根病,2022,中山區
121.539576,25.050377,20222302,2022-10-21,褐根病,2022,中山區
121.539576,25.050377,20222303,2022-10-21,褐根病,2022,中山區
121.539576,25.050377,20222304,2022-10-21,褐根病,2022,中山區
121.539576,25.050377,20222305,2022-10-21,褐根病,2022,中山區
121.539576,25.050377,20222306,2022-10-21,褐根病,2022,中山區
121.539576,25.050377,20222307,2022-10-21,褐根病,2022,中山區
121.539576,25.050377,20222308,2022-10-21,褐根病,2022,中山區
121.539576,25.050377,20222309,2022-10-21,褐根病,2022,中山區
121.561169,25.061482,20222323,2022-10-25,褐根病,2022,松山區
121.54079,24.989491,20222325,2022-10-25,褐根病,2022,文山區
121.54079,24.989491,20222356,2022-10-27,褐根病,2022,文山區
121.546793,25.051524,20222357,2022-10-27,褐根病,2022,松山區
121.546793,25.051524,20222358,2022-10-27,褐根病,2022,松山區
121.610265,25.055911,20222359,2022-10-27,褐根病,2022,南港區
121.610259,25.055991,20222361,2022-10-27,褐根病,2022,南港區
121.498558,25.131975,20222390,2022-11-01,褐根病,2022,北投區
121.535351,25.030152,20222416,2022-11-04,褐根病,2022,大安區
121.541236,25.021211,20222417,2022-11-04,褐根病,2022,大安區
121.541624,25.077788,20222423,2022-11-06,褐根病,2022,中山區
121.535351,25.030152,20222468,2022-11-08,褐根病,2022,大安區
121.535351,25.030152,20222469,2022-11-08,褐根病,2022,大安區
121.535351,25.030152,20222470,2022-11-08,褐根病,2022,大安區
121.535351,25.030152,20222471,2022-11-08,褐根病,2022,大安區
121.561855,25.001786,20222492,2022-11-11,褐根病,2022,文山區
121.561908,25.00179,20222493,2022-11-11,褐根病,2022,文山區
121.561914,25.001694,20222494,2022-11-11,褐根病,2022,文山區
121.562044,25.001732,20222496,2022-11-11,褐根病,2022,文山區
121.593271,25.052435,20222511,2022-11-14,褐根病,2022,南港區
121.521534,25.034751,20222512,2022-11-14,褐根病,2022,中正區
121.521534,25.034751,20222559,2022-11-14,褐根病,2022,中正區
121.521534,25.034751,20222558,2022-11-14,褐根病,2022,中正區
121.521534,25.034751,20222557,2022-11-14,褐根病,2022,中正區
121.521534,25.034751,20222555,2022-11-14,褐根病,2022,中正區
121.521534,25.034751,20222554,2022-11-14,褐根病,2022,中正區
121.521534,25.034751,20222553,2022-11-14,褐根病,2022,中正區
121.521534,25.034751,20222552,2022-11-14,褐根病,2022,中正區
121.521534,25.034751,20222551,2022-11-14,褐根病,2022,中正區
121.521534,25.034751,20222550,2022-11-14,褐根病,2022,中正區
121.521534,25.034751,20222549,2022-11-14,褐根病,2022,中正區
121.610259,25.055991,20222518,2022-11-15,褐根病,2022,南港區
121.535351,25.030152,20222523,2022-11-15,褐根病,2022,大安區
121.535351,25.030152,20222524,2022-11-15,褐根病,2022,大安區
121.602359,25.068626,20222539,2022-11-16,褐根病,2022,內湖區
121.558781,25.000559,20222562,2022-11-16,褐根病,2022,文山區
121.558781,25.000559,20222566,2022-11-16,褐根病,2022,文山區
121.558781,25.000559,20222567,2022-11-16,褐根病,2022,文山區
121.558781,25.000559,20222568,2022-11-16,褐根病,2022,文山區
121.558781,25.000559,20222569,2022-11-16,褐根病,2022,文山區
121.558781,25.000559,20222570,2022-11-16,褐根病,2022,文山區
121.558781,25.000559,20222572,2022-11-16,褐根病,2022,文山區
121.558781,25.000559,20222573,2022-11-16,褐根病,2022,文山區
121.558781,25.000559,20222574,2022-11-16,褐根病,2022,文山區
121.558781,25.000559,20222575,2022-11-16,褐根病,2022,文山區
121.558781,25.000559,20222576,2022-11-16,褐根病,2022,文山區
121.558781,25.000559,20222577,2022-11-16,褐根病,2022,文山區
121.558781,25.000559,20222579,2022-11-16,褐根病,2022,文山區
121.558781,25.000559,20222580,2022-11-16,褐根病,2022,文山區
121.558781,25.000559,20222581,2022-11-16,褐根病,2022,文山區
121.558781,25.000559,20222582,2022-11-16,褐根病,2022,文山區
121.558781,25.000559,20222583,2022-11-16,褐根病,2022,文山區
121.558781,25.000559,20222584,2022-11-16,褐根病,2022,文山區
121.558781,25.000559,20222585,2022-11-16,褐根病,2022,文山區
121.558781,25.000559,20222586,2022-11-16,褐根病,2022,文山區
121.558781,25.000559,20222587,2022-11-16,褐根病,2022,文山區
121.558781,25.000559,20222588,2022-11-16,褐根病,2022,文山區
121.558781,25.000559,20222590,2022-11-16,褐根病,2022,文山區
121.558781,25.000559,20222591,2022-11-16,褐根病,2022,文山區
121.558781,25.000559,20222592,2022-11-16,褐根病,2022,文山區
121.558781,25.000559,20222593,2022-11-16,褐根病,2022,文山區
121.558781,25.000559,20222594,2022-11-16,褐根病,2022,文山區
121.558781,25.000559,20222595,2022-11-16,褐根病,2022,文山區
121.61721,25.042399,20222561,2022-11-17,褐根病,2022,南港區
121.558781,25.000559,20222565,2022-11-17,褐根病,2022,文山區
121.61721,25.042399,20222578,2022-11-17,褐根病,2022,南港區
121.61721,25.042399,20222589,2022-11-17,褐根病,2022,南港區
121.61721,25.042399,20222596,2022-11-17,褐根病,2022,南港區
121.593271,25.052435,20222617,2022-11-17,褐根病,2022,南港區
121.593271,25.052435,20222618,2022-11-17,褐根病,2022,南港區
121.602744,25.056641,20222626,2022-11-18,褐根病,2022,南港區
121.511134,25.061694,20222655,2022-11-21,褐根病,2022,大同區
121.511134,25.061694,20222656,2022-11-21,褐根病,2022,大同區
121.511134,25.061694,20222657,2022-11-21,褐根病,2022,大同區
121.511134,25.061694,20222658,2022-11-21,褐根病,2022,大同區
121.511134,25.061694,20222659,2022-11-21,褐根病,2022,大同區
121.511134,25.061694,20222660,2022-11-21,褐根病,2022,大同區
121.535351,25.030152,20222684,2022-11-22,褐根病,2022,大安區
121.593271,25.052435,20222697,2022-11-22,褐根病,2022,南港區
121.5599,25.061657,20222764,2022-11-24,褐根病,2022,松山區
121.5599,25.061657,20222763,2022-11-24,褐根病,2022,松山區
121.5599,25.061657,20222762,2022-11-24,褐根病,2022,松山區
121.5599,25.061657,20222761,2022-11-24,褐根病,2022,松山區
121.5599,25.061657,20222760,2022-11-24,褐根病,2022,松山區
121.520106,25.047665,20222777,2022-11-28,褐根病,2022,中正區
121.538022,24.993696,20222778,2022-11-28,褐根病,2022,文山區
121.537925,25.040707,20222916,2022-12-02,褐根病,2022,大安區
121.518317,25.10756,20222998,2022-12-05,褐根病,2022,北投區
121.541442,25.077802,20223194,2022-12-06,褐根病,2022,中山區
121.512802,25.064027,20223193,2022-12-06,褐根病,2022,大同區
121.535351,25.030152,20223070,2022-12-07,褐根病,2022,大安區
121.55071,25.022973,20223178,2022-12-09,褐根病,2022,大安區
121.551698,25.023353,20223177,2022-12-09,褐根病,2022,大安區
121.56202,24.980844,20223206,2022-12-12,褐根病,2022,文山區
121.529831,25.060415,20223268,2022-12-19,褐根病,2022,中山區
121.529831,25.060415,20223267,2022-12-19,褐根病,2022,中山區
121.52613,25.01458,20223223,2022-12-20,褐根病,2022,中正區
121.52613,25.01458,20223224,2022-12-20,褐根病,2022,中正區
121.512561,25.039059,20223228,2022-12-21,褐根病,2022,中正區
121.515588,25.040278,20223229,2022-12-21,褐根病,2022,中正區
121.504598,25.036064,20223277,2022-12-29,褐根病,2022,萬華區
121.504598,25.036064,20223278,2022-12-29,褐根病,2022,萬華區
121.504598,25.036064,20223279,2022-12-29,褐根病,2022,萬華區
121.504598,25.036064,20223280,2022-12-29,褐根病,2022,萬華區
121.578652,25.06139,20230004,2023-01-04,褐根病,2023,內湖區
121.50501,25.05119,20230008,2023-01-05,褐根病,2023,大同區
121.586787,25.076398,20230010,2023-01-05,褐根病,2023,內湖區
121.506976,25.022083,20230012,2023-01-05,褐根病,2023,萬華區
121.496169,25.028526,20230025,2023-01-06,褐根病,2023,萬華區
121.496169,25.028526,20230026,2023-01-06,褐根病,2023,萬華區
121.496169,25.028526,20230027,2023-01-06,褐根病,2023,萬華區
121.496169,25.028526,20230028,2023-01-06,褐根病,2023,萬華區
121.496169,25.028526,20230029,2023-01-06,褐根病,2023,萬華區
121.496169,25.028526,20230023,2023-01-06,褐根病,2023,萬華區
121.507811,25.049781,20230291,2023-01-06,褐根病,2023,大同區
121.496169,25.028526,20230024,2023-01-06,褐根病,2023,萬華區
121.506973,25.0217,20230030,2023-01-07,褐根病,2023,萬華區
121.51407,25.040949,20230038,2023-01-07,褐根病,2023,中正區
121.51407,25.040949,20230039,2023-01-07,褐根病,2023,中正區
121.548859,25.037931,20230051,2023-01-09,褐根病,2023,大安區
121.548859,25.037931,20230052,2023-01-09,褐根病,2023,大安區
121.549171,25.034584,20230061,2023-01-11,褐根病,2023,大安區
121.540264,25.050622,20230062,2023-01-11,褐根病,2023,中山區
121.534949,25.037661,20230063,2023-01-12,褐根病,2023,大安區
121.534949,25.037661,20230064,2023-01-12,褐根病,2023,大安區
121.52221,25.06684,20230068,2023-01-13,褐根病,2023,中山區
121.491851,25.022495,20230081,2023-01-16,褐根病,2023,萬華區
121.535351,25.030152,20230146,2023-02-01,褐根病,2023,大安區
121.562298,25.062508,20230169,2023-02-06,褐根病,2023,松山區
121.562298,25.062508,20230170,2023-02-06,褐根病,2023,松山區
121.562298,25.062508,20230171,2023-02-06,褐根病,2023,松山區
121.547755,25.030816,20230168,2023-02-06,褐根病,2023,大安區
121.532767,25.008104,20230200,2023-02-09,褐根病,2023,文山區
121.539911,25.06254,20230795,2023-02-09,褐根病,2023,中山區
121.537407,25.062681,20230234,2023-02-09,褐根病,2023,中山區
121.496169,25.028526,20230224,2023-02-10,褐根病,2023,萬華區
121.496169,25.028526,20230225,2023-02-10,褐根病,2023,萬華區
121.496169,25.028526,20230226,2023-02-10,褐根病,2023,萬華區
121.496169,25.028526,20230228,2023-02-10,褐根病,2023,萬華區
121.496169,25.028526,20230229,2023-02-10,褐根病,2023,萬華區
121.584923,25.042086,20230248,2023-02-14,褐根病,2023,南港區
121.619575,25.040269,20230241,2023-02-14,褐根病,2023,南港區
121.511023,25.030921,20230254,2023-02-15,褐根病,2023,中正區
121.511023,25.030921,20230255,2023-02-15,褐根病,2023,中正區
121.487396,25.103352,20230256,2023-02-15,褐根病,2023,士林區
121.487396,25.103352,20230257,2023-02-15,褐根病,2023,士林區
121.534949,25.037661,20230258,2023-02-15,褐根病,2023,大安區
121.535351,25.030152,20230259,2023-02-15,褐根病,2023,大安區
121.539493,25.063473,20230292,2023-02-17,褐根病,2023,中山區
121.54049,25.00389,20230298,2023-02-24,褐根病,2023,文山區
121.54049,25.00389,20230301,2023-02-24,褐根病,2023,文山區
121.54049,25.00389,20230302,2023-02-24,褐根病,2023,文山區
121.54049,25.00389,20230297,2023-02-24,褐根病,2023,文山區
121.515253,25.03756,20230360,2023-03-02,褐根病,2023,中正區
121.568307,25.001133,20230331,2023-03-03,褐根病,2023,文山區
121.561412,25.002721,20230332,2023-03-03,褐根病,2023,文山區
121.536697,25.00229,20230336,2023-03-03,褐根病,2023,文山區
121.556422,25.002336,20230334,2023-03-03,褐根病,2023,文山區
121.591982,25.0718,20230345,2023-03-06,褐根病,2023,內湖區
121.591982,25.0718,20230346,2023-03-06,褐根病,2023,內湖區
121.591982,25.0718,20230342,2023-03-06,褐根病,2023,內湖區
121.591982,25.0718,20230343,2023-03-06,褐根病,2023,內湖區
121.591982,25.0718,20230344,2023-03-06,褐根病,2023,內湖區
121.511022,25.050581,20230408,2023-03-08,褐根病,2023,大同區
121.550344,25.046514,20230365,2023-03-09,褐根病,2023,松山區
121.535351,25.030152,20230367,2023-03-09,褐根病,2023,大安區
121.518317,25.10756,20230382,2023-03-10,褐根病,2023,北投區
121.518317,25.10756,20230383,2023-03-10,褐根病,2023,北投區
121.496169,25.028526,20230384,2023-03-10,褐根病,2023,萬華區
121.496169,25.028526,20230386,2023-03-10,褐根病,2023,萬華區
121.496169,25.028526,20230387,2023-03-10,褐根病,2023,萬華區
121.496169,25.028526,20230388,2023-03-10,褐根病,2023,萬華區
121.496169,25.028526,20230389,2023-03-10,褐根病,2023,萬華區
121.496169,25.028526,20230390,2023-03-10,褐根病,2023,萬華區
121.496169,25.028526,20230391,2023-03-10,褐根病,2023,萬華區
121.496169,25.028526,20230392,2023-03-10,褐根病,2023,萬華區
121.496169,25.028526,20230393,2023-03-10,褐根病,2023,萬華區
121.496169,25.028526,20230394,2023-03-10,褐根病,2023,萬華區
121.496169,25.028526,20230395,2023-03-10,褐根病,2023,萬華區
121.496169,25.028526,20230385,2023-03-10,褐根病,2023,萬華區
121.57668,25.069309,20230403,2023-03-13,褐根病,2023,內湖區
121.582236,25.038072,20230397,2023-03-13,褐根病,2023,信義區
121.581686,25.03769,20230396,2023-03-13,褐根病,2023,信義區
121.516907,25.056061,20230432,2023-03-15,褐根病,2023,大同區
121.586566,24.987898,20230426,2023-03-15,褐根病,2023,文山區
121.546757,25.084161,20230495,2023-03-15,褐根病,2023,中山區
121.518527,25.061275,20230434,2023-03-16,褐根病,2023,大同區
121.518527,25.061275,20230435,2023-03-16,褐根病,2023,大同區
121.518527,25.061275,20230436,2023-03-16,褐根病,2023,大同區
121.518527,25.061275,20230437,2023-03-16,褐根病,2023,大同區
121.518527,25.061275,20230438,2023-03-16,褐根病,2023,大同區
121.535351,25.030152,20230451,2023-03-17,褐根病,2023,大安區
121.558213,25.061259,20230496,2023-03-21,褐根病,2023,松山區
121.529432,25.0689,20230497,2023-03-23,褐根病,2023,中山區
121.541435,25.075648,20230504,2023-03-27,褐根病,2023,中山區
121.462991,25.11857,20230505,2023-03-27,褐根病,2023,北投區
121.462991,25.11857,20230506,2023-03-27,褐根病,2023,北投區
121.56261,24.987326,20230529,2023-03-29,褐根病,2023,文山區
121.56261,24.987326,20230530,2023-03-29,褐根病,2023,文山區
121.56261,24.987326,20230531,2023-03-29,褐根病,2023,文山區
121.56261,24.987326,20230533,2023-03-29,褐根病,2023,文山區
121.56261,24.987326,20230534,2023-03-29,褐根病,2023,文山區
121.56261,24.987326,20230536,2023-03-29,褐根病,2023,文山區
121.56261,24.987326,20230538,2023-03-29,褐根病,2023,文山區
121.56261,24.987326,20230539,2023-03-29,褐根病,2023,文山區
121.56261,24.987326,20230540,2023-03-29,褐根病,2023,文山區
121.56261,24.987326,20230541,2023-03-29,褐根病,2023,文山區
121.56261,24.987326,20230542,2023-03-29,褐根病,2023,文山區
121.56261,24.987326,20230543,2023-03-29,褐根病,2023,文山區
121.56261,24.987326,20230544,2023-03-29,褐根病,2023,文山區
121.56261,24.987326,20230545,2023-03-29,褐根病,2023,文山區
121.506976,25.022083,20230546,2023-03-29,褐根病,2023,萬華區
121.506976,25.022083,20230547,2023-03-29,褐根病,2023,萬華區
121.506976,25.022083,20230548,2023-03-29,褐根病,2023,萬華區
121.56261,24.987326,20230537,2023-03-29,褐根病,2023,文山區
121.511134,25.061694,20230551,2023-03-30,褐根病,2023,大同區
121.507649,25.054261,20230557,2023-03-30,褐根病,2023,大同區
121.53331,25.008235,20230561,2023-03-30,褐根病,2023,文山區
121.49542,25.015577,20230562,2023-03-30,褐根病,2023,萬華區
121.554205,24.980794,20230564,2023-03-30,褐根病,2023,文山區
121.554033,24.980649,20230565,2023-03-30,褐根病,2023,文山區
121.511134,25.061694,20230550,2023-03-30,褐根病,2023,大同區
121.548338,25.024428,20230567,2023-03-31,褐根病,2023,大安區
121.540264,25.050622,20230568,2023-03-31,褐根病,2023,中山區
121.54314,24.994181,20230570,2023-03-31,褐根病,2023,文山區
121.532669,25.027987,20230571,2023-03-31,褐根病,2023,大安區
121.555477,25.103567,20230580,2023-04-06,褐根病,2023,士林區
121.587802,25.045062,20230581,2023-04-06,褐根病,2023,南港區
121.520469,25.020758,20230584,2023-04-07,褐根病,2023,中正區
121.564802,25.054374,20230587,2023-04-07,褐根病,2023,松山區
121.587802,25.045062,20230582,2023-04-07,褐根病,2023,南港區
121.514209,25.114916,20230619,2023-04-12,褐根病,2023,北投區
121.514209,25.114916,20230620,2023-04-12,褐根病,2023,北投區
121.514209,25.114916,20230621,2023-04-12,褐根病,2023,北投區
121.514209,25.114916,20230623,2023-04-12,褐根病,2023,北投區
121.514209,25.114916,20230622,2023-04-12,褐根病,2023,北投區
121.52221,25.06684,20230641,2023-04-14,褐根病,2023,中山區
121.52221,25.06684,20230642,2023-04-14,褐根病,2023,中山區
121.52221,25.06684,20230643,2023-04-14,褐根病,2023,中山區
121.52221,25.06684,20230644,2023-04-14,褐根病,2023,中山區
121.52221,25.06684,20230645,2023-04-14,褐根病,2023,中山區
121.52221,25.06684,20230646,2023-04-14,褐根病,2023,中山區
121.525448,25.020202,20230663,2023-04-18,褐根病,2023,中正區
121.525448,25.020202,20230664,2023-04-18,褐根病,2023,中正區
121.525448,25.020202,20230665,2023-04-18,褐根病,2023,中正區
121.525448,25.020202,20230666,2023-04-18,褐根病,2023,中正區
121.525448,25.020202,20230667,2023-04-18,褐根病,2023,中正區
121.525448,25.020202,20230668,2023-04-18,褐根病,2023,中正區
121.525448,25.020202,20230669,2023-04-18,褐根病,2023,中正區
121.525448,25.020202,20230670,2023-04-18,褐根病,2023,中正區
121.525448,25.020202,20230672,2023-04-18,褐根病,2023,中正區
121.525448,25.020202,20230673,2023-04-18,褐根病,2023,中正區
121.525448,25.020202,20230674,2023-04-18,褐根病,2023,中正區
121.525448,25.020202,20230676,2023-04-18,褐根病,2023,中正區
121.525448,25.020202,20230677,2023-04-18,褐根病,2023,中正區
121.525448,25.020202,20230678,2023-04-18,褐根病,2023,中正區
121.525448,25.020202,20230679,2023-04-18,褐根病,2023,中正區
121.525448,25.020202,20230681,2023-04-18,褐根病,2023,中正區
121.525448,25.020202,20230683,2023-04-18,褐根病,2023,中正區
121.525448,25.020202,20230684,2023-04-18,褐根病,2023,中正區
121.525448,25.020202,20230685,2023-04-18,褐根病,2023,中正區
121.525448,25.020202,20230686,2023-04-18,褐根病,2023,中正區
121.525448,25.020202,20230687,2023-04-18,褐根病,2023,中正區
121.525448,25.020202,20230688,2023-04-18,褐根病,2023,中正區
121.58086,25.079107,20230695,2023-04-19,褐根病,2023,內湖區
121.580888,25.079126,20230696,2023-04-19,褐根病,2023,內湖區
121.560112,24.987417,20230700,2023-04-19,褐根病,2023,文山區
121.595699,25.060995,20230699,2023-04-19,褐根病,2023,內湖區
121.550115,24.989023,20230717,2023-04-20,褐根病,2023,文山區
121.533123,25.031201,20230719,2023-04-21,褐根病,2023,大安區
121.533123,25.031201,20230721,2023-04-21,褐根病,2023,大安區
121.533123,25.031201,20230722,2023-04-21,褐根病,2023,大安區
121.533123,25.031201,20230720,2023-04-21,褐根病,2023,大安區
121.49632,25.026743,20230736,2023-04-24,褐根病,2023,萬華區
121.553396,25.04785,20230872,2023-04-27,褐根病,2023,松山區
121.541624,25.077788,20230791,2023-04-28,褐根病,2023,中山區
121.541624,25.077788,20230792,2023-04-28,褐根病,2023,中山區
121.541624,25.077788,20230790,2023-04-28,褐根病,2023,中山區
121.539542,25.032403,20230808,2023-05-02,褐根病,2023,大安區
121.539542,25.032403,20230809,2023-05-02,褐根病,2023,大安區
121.539542,25.032403,20230810,2023-05-02,褐根病,2023,大安區
121.538437,25.047395,20230816,2023-05-02,褐根病,2023,中山區
121.544598,25.081734,20230916,2023-05-03,褐根病,2023,中山區
121.535351,25.030152,20230819,2023-05-03,褐根病,2023,大安區
121.534835,25.004567,20230820,2023-05-04,褐根病,2023,文山區
121.534835,25.004567,20230822,2023-05-04,褐根病,2023,文山區
121.534835,25.004567,20230823,2023-05-04,褐根病,2023,文山區
121.53803,25.0249,20230857,2023-05-08,褐根病,2023,大安區
121.53803,25.0249,20230858,2023-05-08,褐根病,2023,大安區
121.56959,25.05842,20230879,2023-05-08,褐根病,2023,松山區
121.56978,25.05743,20230878,2023-05-08,褐根病,2023,松山區
121.57003,25.05569,20230877,2023-05-08,褐根病,2023,松山區
121.57028,25.05429,20230876,2023-05-08,褐根病,2023,松山區
121.57059,25.05283,20230875,2023-05-08,褐根病,2023,松山區
121.55972,25.059999,20230874,2023-05-08,褐根病,2023,松山區
121.561618,25.046951,20230873,2023-05-08,褐根病,2023,松山區
121.600361,25.088165,20230868,2023-05-09,褐根病,2023,內湖區
121.600361,25.088165,20230866,2023-05-09,褐根病,2023,內湖區
121.600361,25.088165,20230864,2023-05-09,褐根病,2023,內湖區
121.53803,25.0249,20230862,2023-05-09,褐根病,2023,大安區
121.555531,25.056909,20230880,2023-05-09,褐根病,2023,松山區
121.506976,25.022083,20230884,2023-05-10,褐根病,2023,萬華區
121.52221,25.06684,20230887,2023-05-11,褐根病,2023,中山區
121.52221,25.06684,20230888,2023-05-11,褐根病,2023,中山區
121.498702,25.029159,20230910,2023-05-11,褐根病,2023,萬華區
121.56346,25.058223,20230952,2023-05-11,褐根病,2023,松山區
121.567342,25.064871,20230914,2023-05-12,褐根病,2023,松山區
121.567342,25.064871,20230913,2023-05-12,褐根病,2023,松山區
121.567342,25.064871,20230912,2023-05-12,褐根病,2023,松山區
121.563631,25.047519,20230953,2023-05-19,褐根病,2023,信義區
121.558781,25.000559,20230967,2023-05-22,褐根病,2023,文山區
121.523811,25.042394,20230969,2023-05-22,褐根病,2023,中正區
121.554899,25.013878,20230975,2023-05-23,褐根病,2023,大安區
121.554899,25.013878,20230976,2023-05-23,褐根病,2023,大安區
121.51358,25.035559,20230981,2023-05-23,褐根病,2023,中正區
121.55984,25.091076,20230985,2023-05-24,褐根病,2023,內湖區
121.509094,25.03523,20230988,2023-05-25,褐根病,2023,中正區
121.509094,25.03523,20230989,2023-05-25,褐根病,2023,中正區
121.509094,25.03523,20230990,2023-05-25,褐根病,2023,中正區
121.509094,25.03523,20230991,2023-05-25,褐根病,2023,中正區
121.509094,25.03523,20230992,2023-05-25,褐根病,2023,中正區
121.509094,25.03523,20230993,2023-05-25,褐根病,2023,中正區
121.509094,25.03523,20230994,2023-05-25,褐根病,2023,中正區
121.581352,25.038347,20230996,2023-05-25,褐根病,2023,信義區
121.512734,25.087795,20231011,2023-05-29,褐根病,2023,士林區
121.567775,24.981246,20231013,2023-05-29,褐根病,2023,文山區
121.567775,24.981246,20231021,2023-05-29,褐根病,2023,文山區
121.567775,24.981246,20231022,2023-05-29,褐根病,2023,文山區
121.567775,24.981246,20231025,2023-05-29,褐根病,2023,文山區
121.567775,24.981246,20231030,2023-05-29,褐根病,2023,文山區
121.567775,24.981246,20231034,2023-05-29,褐根病,2023,文山區
121.54288,25.038307,20231045,2023-05-29,褐根病,2023,大安區
121.537385,25.034896,20231046,2023-05-29,褐根病,2023,大安區
121.537385,25.034896,20231047,2023-05-29,褐根病,2023,大安區
121.53803,25.0249,20231048,2023-05-29,褐根病,2023,大安區
121.545752,25.094446,20231050,2023-05-29,褐根病,2023,士林區
121.549753,25.038337,20231054,2023-05-30,褐根病,2023,大安區
121.506976,25.022083,20231056,2023-05-30,褐根病,2023,萬華區
121.506976,25.022083,20231057,2023-05-30,褐根病,2023,萬華區
121.545752,25.094446,20231053,2023-05-30,褐根病,2023,士林區
121.506976,25.022083,20231062,2023-05-31,褐根病,2023,萬華區
121.495577,25.032218,20231072,2023-05-31,褐根病,2023,萬華區
121.581352,25.038347,20231073,2023-05-31,褐根病,2023,信義區
121.566714,25.064512,20231125,2023-06-01,褐根病,2023,松山區
121.56673,25.064425,20231124,2023-06-01,褐根病,2023,松山區
121.511022,25.05058,20231226,2023-06-01,褐根病,2023,大同區
121.550538,25.017973,20231101,2023-06-02,褐根病,2023,大安區
121.586731,25.037977,20231100,2023-06-02,褐根病,2023,信義區
121.586731,25.037977,20231097,2023-06-02,褐根病,2023,信義區
121.540061,24.996634,20231110,2023-06-05,褐根病,2023,文山區
121.566728,25.064445,20231123,2023-06-06,褐根病,2023,松山區
121.586787,25.076398,20231141,2023-06-06,褐根病,2023,內湖區
121.604334,25.087484,20231169,2023-06-08,褐根病,2023,內湖區
121.506976,25.022083,20231183,2023-06-12,褐根病,2023,萬華區
121.506976,25.022083,20231184,2023-06-12,褐根病,2023,萬華區
121.518317,25.10756,20231198,2023-06-15,褐根病,2023,北投區
121.566654,25.061372,20231227,2023-06-15,褐根病,2023,松山區
121.548859,25.037931,20231205,2023-06-16,褐根病,2023,大安區
121.548859,25.037931,20231208,2023-06-16,褐根病,2023,大安區
121.495109,25.015538,20231218,2023-06-19,褐根病,2023,萬華區
121.585695,25.080772,20231230,2023-06-19,褐根病,2023,內湖區
121.513623,25.03613,20231320,2023-06-19,褐根病,2023,中正區
121.513623,25.03613,20231319,2023-06-19,褐根病,2023,中正區
121.513623,25.03613,20231318,2023-06-19,褐根病,2023,中正區
121.533049,25.111793,20231249,2023-06-19,褐根病,2023,士林區
121.533049,25.111793,20231248,2023-06-19,褐根病,2023,士林區
121.533049,25.111793,20231247,2023-06-19,褐根病,2023,士林區
121.533049,25.111793,20231246,2023-06-19,褐根病,2023,士林區
121.533049,25.111793,20231245,2023-06-19,褐根病,2023,士林區
121.533049,25.111793,20231244,2023-06-19,褐根病,2023,士林區
121.506713,25.120398,20231243,2023-06-19,褐根病,2023,北投區
121.531815,25.070129,20231309,2023-06-26,褐根病,2023,中山區
121.539911,25.062541,20231310,2023-06-26,褐根病,2023,中山區
121.535108,25.054986,20231290,2023-06-30,褐根病,2023,中山區
121.511541,25.033812,20231430,2023-07-03,褐根病,2023,中正區
121.565808,25.08396,20231429,2023-07-03,褐根病,2023,內湖區
121.543293,25.063655,20231428,2023-07-03,褐根病,2023,中山區
121.543293,25.063655,20231427,2023-07-03,褐根病,2023,中山區
121.529689,25.098691,20231303,2023-07-03,褐根病,2023,士林區
121.521534,25.034751,20231311,2023-07-03,褐根病,2023,中正區
121.529689,25.098691,20231302,2023-07-03,褐根病,2023,士林區
121.529689,25.098691,20231301,2023-07-03,褐根病,2023,士林區
121.521534,25.034751,20231337,2023-07-05,褐根病,2023,中正區
121.513623,25.03613,20231316,2023-07-05,褐根病,2023,中正區
121.513623,25.03613,20231317,2023-07-05,褐根病,2023,中正區
121.521534,25.034751,20231338,2023-07-05,褐根病,2023,中正區
121.56261,24.987326,20231353,2023-07-07,褐根病,2023,文山區
121.56261,24.987326,20231354,2023-07-07,褐根病,2023,文山區
121.56261,24.987326,20231355,2023-07-07,褐根病,2023,文山區
121.56261,24.987326,20231356,2023-07-07,褐根病,2023,文山區
121.56261,24.987326,20231357,2023-07-07,褐根病,2023,文山區
121.56261,24.987326,20231358,2023-07-07,褐根病,2023,文山區
121.56261,24.987326,20231359,2023-07-07,褐根病,2023,文山區
121.56261,24.987326,20231360,2023-07-07,褐根病,2023,文山區
121.56261,24.987326,20231361,2023-07-07,褐根病,2023,文山區
121.56261,24.987326,20231362,2023-07-07,褐根病,2023,文山區
121.56261,24.987326,20231352,2023-07-07,褐根病,2023,文山區
121.521534,25.034751,20231441,2023-07-10,褐根病,2023,中正區
121.521534,25.034751,20231442,2023-07-10,褐根病,2023,中正區
121.521534,25.034751,20231443,2023-07-10,褐根病,2023,中正區
121.521534,25.034751,20231445,2023-07-10,褐根病,2023,中正區
121.521534,25.034751,20231446,2023-07-10,褐根病,2023,中正區
121.521534,25.034751,20231447,2023-07-10,褐根病,2023,中正區
121.521534,25.034751,20231448,2023-07-10,褐根病,2023,中正區
121.521534,25.034751,20231449,2023-07-10,褐根病,2023,中正區
121.521534,25.034751,20231450,2023-07-10,褐根病,2023,中正區
121.521534,25.034751,20231451,2023-07-10,褐根病,2023,中正區
121.521534,25.034751,20231452,2023-07-10,褐根病,2023,中正區
121.521534,25.034751,20231453,2023-07-10,褐根病,2023,中正區
121.506976,25.022083,20231366,2023-07-11,褐根病,2023,萬華區
121.545302,25.03754,20231373,2023-07-11,褐根病,2023,大安區
121.583504,25.05138,20231403,2023-07-12,褐根病,2023,南港區
121.528478,25.041154,20231408,2023-07-13,褐根病,2023,中正區
121.521534,25.034751,20231483,2023-07-14,褐根病,2023,中正區
121.521534,25.034751,20231482,2023-07-14,褐根病,2023,中正區
121.521534,25.034751,20231481,2023-07-14,褐根病,2023,中正區
121.521534,25.034751,20231480,2023-07-14,褐根病,2023,中正區
121.521534,25.034751,20231479,2023-07-14,褐根病,2023,中正區
121.521534,25.034751,20231478,2023-07-14,褐根病,2023,中正區
121.579753,25.043347,20231435,2023-07-17,褐根病,2023,信義區
121.579753,25.043347,20231436,2023-07-17,褐根病,2023,信義區
121.557922,25.061149,20231507,2023-07-18,褐根病,2023,松山區
121.534001,25.127633,20231460,2023-07-19,褐根病,2023,士林區
121.534001,25.127633,20231459,2023-07-19,褐根病,2023,士林區
121.561952,25.030547,20231464,2023-07-20,褐根病,2023,信義區
121.509495,25.141936,20231475,2023-07-21,褐根病,2023,北投區
121.568462,24.982106,20231471,2023-07-21,褐根病,2023,文山區
121.552265,25.101725,20231489,2023-07-24,褐根病,2023,士林區
121.552265,25.101725,20231490,2023-07-24,褐根病,2023,士林區
121.552265,25.101725,20231491,2023-07-24,褐根病,2023,士林區
121.552265,25.101725,20231492,2023-07-24,褐根病,2023,士林區
121.552265,25.101725,20231493,2023-07-24,褐根病,2023,士林區
121.552265,25.101725,20231494,2023-07-24,褐根病,2023,士林區
121.552265,25.101725,20231495,2023-07-24,褐根病,2023,士林區
121.552265,25.101725,20231496,2023-07-24,褐根病,2023,士林區
121.552265,25.101725,20231497,2023-07-24,褐根病,2023,士林區
121.552265,25.101725,20231498,2023-07-24,褐根病,2023,士林區
121.552265,25.101725,20231499,2023-07-24,褐根病,2023,士林區
121.552265,25.101725,20231500,2023-07-24,褐根病,2023,士林區
121.552265,25.101725,20231502,2023-07-24,褐根病,2023,士林區
121.552265,25.101725,20231503,2023-07-24,褐根病,2023,士林區
121.552265,25.101725,20231504,2023-07-24,褐根病,2023,士林區
121.552265,25.101725,20231505,2023-07-24,褐根病,2023,士林區
121.552265,25.101725,20231506,2023-07-24,褐根病,2023,士林區
121.553846,25.034622,20231508,2023-07-24,褐根病,2023,大安區
121.511639,25.036689,20231484,2023-07-24,褐根病,2023,中正區
121.520105,25.020635,20231512,2023-07-25,褐根病,2023,中正區
121.543092,25.06349,20231532,2023-07-28,褐根病,2023,中山區
121.543092,25.06349,20231533,2023-07-28,褐根病,2023,中山區
121.543092,25.06349,20231534,2023-07-28,褐根病,2023,中山區
121.581229,24.998739,20231561,2023-08-04,褐根病,2023,文山區
121.535735,25.000041,20231562,2023-08-04,褐根病,2023,文山區
121.535735,25.000041,20231563,2023-08-04,褐根病,2023,文山區
121.535735,25.000041,20231564,2023-08-04,褐根病,2023,文山區
121.535735,25.000041,20231565,2023-08-04,褐根病,2023,文山區
121.62031,25.068883,20231566,2023-08-04,褐根病,2023,內湖區
121.5455,25.038216,20231567,2023-08-04,褐根病,2023,大安區
121.544346,24.99619,20231576,2023-08-07,褐根病,2023,文山區
121.544346,24.99619,20231577,2023-08-07,褐根病,2023,文山區
121.544346,24.99619,20231578,2023-08-07,褐根病,2023,文山區
121.544346,24.99619,20231579,2023-08-07,褐根病,2023,文山區
121.504598,25.036064,20231602,2023-08-08,褐根病,2023,萬華區
121.490639,25.02528,20231615,2023-08-09,褐根病,2023,萬華區
121.503438,25.018866,20231616,2023-08-09,褐根病,2023,萬華區
121.531278,25.020984,20231624,2023-08-10,褐根病,2023,大安區
121.531278,25.020984,20231625,2023-08-10,褐根病,2023,大安區
121.530999,25.021722,20231626,2023-08-10,褐根病,2023,大安區
121.530999,25.021722,20231627,2023-08-10,褐根病,2023,大安區
121.506976,25.022083,20231647,2023-08-11,褐根病,2023,萬華區
121.506976,25.022083,20231648,2023-08-11,褐根病,2023,萬華區
121.574141,25.048336,20231655,2023-08-14,褐根病,2023,信義區
121.574141,25.048336,20231654,2023-08-14,褐根病,2023,信義區
121.574141,25.048336,20231653,2023-08-14,褐根病,2023,信義區
121.553846,25.034622,20231665,2023-08-15,褐根病,2023,大安區
121.567055,25.061371,20231660,2023-08-15,褐根病,2023,松山區
121.548388,25.029105,20231677,2023-08-18,褐根病,2023,大安區
121.562755,25.029823,20231687,2023-08-18,褐根病,2023,信義區
121.548367,25.026496,20231689,2023-08-18,褐根病,2023,大安區
121.506551,25.138879,20231692,2023-08-21,褐根病,2023,北投區
121.506551,25.138879,20231693,2023-08-21,褐根病,2023,北投區
121.506551,25.138879,20231694,2023-08-21,褐根病,2023,北投區
121.506551,25.138879,20231695,2023-08-21,褐根病,2023,北投區
121.506551,25.138879,20231691,2023-08-21,褐根病,2023,北投區
121.506551,25.138879,20231696,2023-08-21,褐根病,2023,北投區
121.506551,25.138879,20231697,2023-08-21,褐根病,2023,北投區
121.506551,25.138879,20231698,2023-08-21,褐根病,2023,北投區
121.506551,25.138879,20231699,2023-08-21,褐根病,2023,北投區
121.506551,25.138879,20231700,2023-08-21,褐根病,2023,北投區
121.506551,25.138879,20231701,2023-08-21,褐根病,2023,北投區
121.506551,25.138879,20231702,2023-08-21,褐根病,2023,北投區
121.516765,25.069322,20231705,2023-08-21,褐根病,2023,大同區
121.579753,25.043347,20231738,2023-08-23,褐根病,2023,信義區
121.579753,25.043347,20231739,2023-08-23,褐根病,2023,信義區
121.579753,25.043347,20231741,2023-08-23,褐根病,2023,信義區
121.579753,25.043347,20231742,2023-08-23,褐根病,2023,信義區
121.579753,25.043347,20231743,2023-08-23,褐根病,2023,信義區
121.579753,25.043347,20231727,2023-08-23,褐根病,2023,信義區
121.579753,25.043347,20231737,2023-08-23,褐根病,2023,信義區
121.579753,25.043347,20231728,2023-08-23,褐根病,2023,信義區
121.579753,25.043347,20231729,2023-08-23,褐根病,2023,信義區
121.579753,25.043347,20231730,2023-08-23,褐根病,2023,信義區
121.579753,25.043347,20231731,2023-08-23,褐根病,2023,信義區
121.579753,25.043347,20231732,2023-08-23,褐根病,2023,信義區
121.579753,25.043347,20231733,2023-08-23,褐根病,2023,信義區
121.579753,25.043347,20231734,2023-08-23,褐根病,2023,信義區
121.579753,25.043347,20231735,2023-08-23,褐根病,2023,信義區
121.579753,25.043347,20231736,2023-08-23,褐根病,2023,信義區
121.498072,25.031061,20231755,2023-08-24,褐根病,2023,萬華區
121.498072,25.031061,20231756,2023-08-24,褐根病,2023,萬華區
121.498072,25.031061,20231754,2023-08-24,褐根病,2023,萬華區
121.548206,24.996086,20231758,2023-08-24,褐根病,2023,文山區
121.548206,24.996086,20231759,2023-08-24,褐根病,2023,文山區
121.498072,25.031061,20231753,2023-08-24,褐根病,2023,萬華區
121.548206,24.996086,20231757,2023-08-24,褐根病,2023,文山區
121.557918,25.061047,20231764,2023-08-25,褐根病,2023,松山區
121.509094,25.03523,20231787,2023-08-28,褐根病,2023,中正區
121.534698,25.044068,20231868,2023-08-29,褐根病,2023,大安區
121.566637,25.061431,20231861,2023-08-29,褐根病,2023,松山區
121.533491,25.008159,20231813,2023-08-31,褐根病,2023,文山區
121.514438,25.025235,20231824,2023-09-01,褐根病,2023,中正區
121.514438,25.025235,20231825,2023-09-01,褐根病,2023,中正區
121.514438,25.025235,20231826,2023-09-01,褐根病,2023,中正區
121.504598,25.036064,20231838,2023-09-05,褐根病,2023,萬華區
121.540264,25.050622,20231841,2023-09-05,褐根病,2023,中山區
121.529773,25.070844,20231862,2023-09-05,褐根病,2023,中山區
121.52221,25.06684,20231857,2023-09-07,褐根病,2023,中山區
121.52221,25.06684,20231858,2023-09-07,褐根病,2023,中山區
121.52221,25.06684,20231859,2023-09-07,褐根病,2023,中山區
121.549195,25.097134,20231880,2023-09-14,褐根病,2023,士林區
121.526826,25.053743,20231902,2023-09-14,褐根病,2023,中山區
121.561253,25.048038,20231906,2023-09-18,褐根病,2023,松山區
121.574924,25.031339,20231908,2023-09-20,褐根病,2023,信義區
121.591308,25.044168,20231910,2023-09-20,褐根病,2023,南港區
121.549252,25.152164,20231941,2023-09-20,褐根病,2023,北投區
121.536661,25.108008,20231940,2023-09-20,褐根病,2023,士林區
121.505372,25.035548,20231939,2023-09-20,褐根病,2023,萬華區
121.57404,25.054409,20231916,2023-09-21,褐根病,2023,內湖區
121.574139,25.054525,20231917,2023-09-21,褐根病,2023,內湖區
121.534,25.006171,20231914,2023-09-21,褐根病,2023,文山區
121.547299,25.030459,20231921,2023-09-23,褐根病,2023,大安區
121.57179,25.056553,20231931,2023-09-25,褐根病,2023,內湖區
121.52262,25.036084,20232050,2023-09-27,褐根病,2023,中正區
121.52262,25.036084,20232051,2023-09-27,褐根病,2023,中正區
121.52262,25.036084,20232052,2023-09-27,褐根病,2023,中正區
121.52262,25.036084,20232053,2023-09-27,褐根病,2023,中正區
121.52262,25.036084,20232054,2023-09-27,褐根病,2023,中正區
121.52262,25.036084,20232048,2023-09-27,褐根病,2023,中正區
121.52262,25.036084,20232049,2023-09-27,褐根病,2023,中正區
121.546166,25.049885,20231974,2023-09-28,褐根病,2023,松山區
121.545983,25.049955,20231975,2023-09-28,褐根病,2023,松山區
121.532975,25.113221,20232057,2023-10-02,褐根病,2023,士林區
121.532975,25.113221,20232056,2023-10-02,褐根病,2023,士林區
121.532975,25.113221,20232055,2023-10-02,褐根病,2023,士林區
121.523561,25.145977,20231987,2023-10-04,褐根病,2023,北投區
121.523561,25.145977,20231988,2023-10-04,褐根病,2023,北投區
121.523561,25.145977,20231989,2023-10-04,褐根病,2023,北投區
121.532306,25.030924,20232008,2023-10-06,褐根病,2023,大安區
121.532306,25.030924,20232007,2023-10-06,褐根病,2023,大安區
121.532306,25.030924,20232010,2023-10-06,褐根病,2023,大安區
121.532306,25.030924,20232006,2023-10-06,褐根病,2023,大安區
121.532306,25.030924,20232005,2023-10-06,褐根病,2023,大安區
121.532306,25.030924,20232004,2023-10-06,褐根病,2023,大安區
121.532306,25.030924,20232003,2023-10-06,褐根病,2023,大安區
121.532306,25.030924,20232002,2023-10-06,褐根病,2023,大安區
121.536016,25.073328,20232001,2023-10-06,褐根病,2023,中山區
121.536016,25.073328,20232000,2023-10-06,褐根病,2023,中山區
121.529296,25.116555,20231998,2023-10-06,褐根病,2023,士林區
121.548748,25.044462,20231992,2023-10-06,褐根病,2023,大安區
121.529296,25.116555,20231999,2023-10-06,褐根病,2023,士林區
121.532306,25.030924,20232009,2023-10-06,褐根病,2023,大安區
121.565455,25.054484,20232021,2023-10-11,褐根病,2023,松山區
121.535272,25.054982,20232019,2023-10-11,褐根病,2023,中山區
121.535272,25.054982,20232016,2023-10-11,褐根病,2023,中山區
121.535272,25.054982,20232015,2023-10-11,褐根病,2023,中山區
121.522619,25.036084,20232060,2023-10-12,褐根病,2023,中正區
121.514325,25.025118,20232151,2023-10-18,褐根病,2023,中正區
121.505361,25.035535,20232152,2023-10-18,褐根病,2023,萬華區
121.514325,25.025118,20232150,2023-10-18,褐根病,2023,中正區
121.530628,25.021072,20232089,2023-10-19,褐根病,2023,大安區
121.530628,25.021072,20232087,2023-10-19,褐根病,2023,大安區
121.530012,25.054438,20232140,2023-10-26,褐根病,2023,中山區
121.523046,25.086974,20232173,2023-10-30,褐根病,2023,士林區
121.523046,25.086974,20232174,2023-10-30,褐根病,2023,士林區
121.523046,25.086974,20232175,2023-10-30,褐根病,2023,士林區
121.523046,25.086974,20232176,2023-10-30,褐根病,2023,士林區
121.523046,25.086974,20232177,2023-10-30,褐根病,2023,士林區
121.523046,25.086974,20232178,2023-10-30,褐根病,2023,士林區
121.523046,25.086974,20232179,2023-10-30,褐根病,2023,士林區
121.523046,25.086974,20232180,2023-10-30,褐根病,2023,士林區
121.49332,25.096533,20232187,2023-10-31,褐根病,2023,士林區
121.503695,25.127041,20232200,2023-11-01,褐根病,2023,北投區
121.512735,25.064028,20232212,2023-11-02,褐根病,2023,大同區
121.512735,25.064028,20232210,2023-11-02,褐根病,2023,大同區
121.503788,25.126394,20232237,2023-11-06,褐根病,2023,北投區
121.469144,25.134545,20232240,2023-11-06,褐根病,2023,北投區
121.568066,25.063095,20232248,2023-11-06,褐根病,2023,松山區
121.566077,25.085452,20232249,2023-11-07,褐根病,2023,內湖區
121.570419,25.047978,20232247,2023-11-07,褐根病,2023,信義區
121.526349,25.143133,20232262,2023-11-08,褐根病,2023,北投區
121.530012,25.054438,20232260,2023-11-08,褐根病,2023,中山區
121.502747,25.090607,20232272,2023-11-09,褐根病,2023,士林區
121.528155,25.045995,20232286,2023-11-10,褐根病,2023,中正區
121.531131,25.049855,20232298,2023-11-13,褐根病,2023,中山區
121.545235,25.037812,20232292,2023-11-13,褐根病,2023,大安區
121.575369,24.991222,20232300,2023-11-14,褐根病,2023,文山區
121.579753,25.043347,20232317,2023-11-14,褐根病,2023,信義區
121.579753,25.043347,20232318,2023-11-14,褐根病,2023,信義區
121.506667,25.02182,20232304,2023-11-15,褐根病,2023,萬華區
121.537457,24.99225,20232319,2023-11-17,褐根病,2023,文山區
121.537736,25.043572,20232328,2023-11-20,褐根病,2023,大安區
121.522433,25.023304,20232332,2023-11-21,褐根病,2023,中正區
121.5213,25.03903,20232331,2023-11-21,褐根病,2023,中正區
121.498978,25.028579,20232336,2023-11-22,褐根病,2023,萬華區
121.510893,25.030374,20232363,2023-11-27,褐根病,2023,中正區
121.535276,25.102814,20232356,2023-11-27,褐根病,2023,士林區
121.549153,25.02193,20232370,2023-11-28,褐根病,2023,大安區
121.535249,25.054983,20232431,2023-12-04,褐根病,2023,中山區
121.535249,25.054983,20232432,2023-12-04,褐根病,2023,中山區
121.535249,25.054983,20232433,2023-12-04,褐根病,2023,中山區
121.535249,25.054983,20232434,2023-12-04,褐根病,2023,中山區
121.535249,25.054983,20232435,2023-12-04,褐根病,2023,中山區
121.535249,25.054983,20232436,2023-12-04,褐根病,2023,中山區
121.535249,25.054983,20232437,2023-12-04,褐根病,2023,中山區
121.535249,25.054983,20232438,2023-12-04,褐根病,2023,中山區
121.535249,25.054983,20232439,2023-12-04,褐根病,2023,中山區
121.535249,25.054983,20232441,2023-12-04,褐根病,2023,中山區
121.535249,25.054983,20232442,2023-12-04,褐根病,2023,中山區
121.535249,25.054983,20232443,2023-12-04,褐根病,2023,中山區
121.535249,25.054983,20232444,2023-12-04,褐根病,2023,中山區
121.535249,25.054983,20232445,2023-12-04,褐根病,2023,中山區
121.535249,25.054983,20232446,2023-12-04,褐根病,2023,中山區
121.535249,25.054983,20232448,2023-12-04,褐根病,2023,中山區
121.535249,25.054983,20232449,2023-12-04,褐根病,2023,中山區
121.535249,25.054983,20232450,2023-12-04,褐根病,2023,中山區
121.535249,25.054983,20232447,2023-12-04,褐根病,2023,中山區
121.51902,25.108086,20240091,2023-12-06,褐根病,2023,北投區
121.534705,25.079035,20232460,2023-12-07,褐根病,2023,中山區
121.513028,25.028704,20232459,2023-12-07,褐根病,2023,中正區
121.522433,25.023304,20232466,2023-12-08,褐根病,2023,中正區
121.520568,25.060447,20232470,2023-12-11,褐根病,2023,中山區
121.535043,25.02716,20232526,2023-12-14,褐根病,2023,大安區
121.568456,25.006362,20232503,2023-12-19,褐根病,2023,文山區
121.571624,25.001471,20232499,2023-12-19,褐根病,2023,文山區
121.591423,25.045341,20232518,2023-12-20,褐根病,2023,南港區
121.591423,25.045341,20232520,2023-12-20,褐根病,2023,南港區
121.559793,24.987577,20232543,2023-12-26,褐根病,2023,文山區
121.559552,24.987609,20232544,2023-12-26,褐根病,2023,文山區
121.558709,24.987663,20232545,2023-12-26,褐根病,2023,文山區
121.557398,24.987524,20232546,2023-12-26,褐根病,2023,文山區
121.568662,25.00099,20232547,2023-12-26,褐根病,2023,文山區
121.568752,25.000966,20232548,2023-12-26,褐根病,2023,文山區
121.568779,25.000955,20232549,2023-12-26,褐根病,2023,文山區
121.559934,24.987082,20232550,2023-12-26,褐根病,2023,文山區
121.525771,25.069417,20240035,2023-12-29,褐根病,2023,中山區
121.525771,25.069417,20240034,2023-12-29,褐根病,2023,中山區
121.534705,25.079035,20240015,2023-12-29,褐根病,2023,中山區
121.534705,25.079035,20240016,2023-12-29,褐根病,2023,中山區
121.534705,25.079035,20240017,2023-12-29,褐根病,2023,中山區
121.534705,25.079035,20240018,2023-12-29,褐根病,2023,中山區
121.534705,25.079035,20240019,2023-12-29,褐根病,2023,中山區
121.534705,25.079035,20240020,2023-12-29,褐根病,2023,中山區
121.534705,25.079035,20240021,2023-12-29,褐根病,2023,中山區
121.534705,25.079035,20240022,2023-12-29,褐根病,2023,中山區
121.534705,25.079035,20240023,2023-12-29,褐根病,2023,中山區
121.534705,25.079035,20240024,2023-12-29,褐根病,2023,中山區
121.534705,25.079035,20240025,2023-12-29,褐根病,2023,中山區
121.525771,25.069417,20240026,2023-12-29,褐根病,2023,中山區
121.525771,25.069417,20240027,2023-12-29,褐根病,2023,中山區
121.525771,25.069417,20240028,2023-12-29,褐根病,2023,中山區
121.525771,25.069417,20240029,2023-12-29,褐根病,2023,中山區
121.525771,25.069417,20240030,2023-12-29,褐根病,2023,中山區
121.525771,25.069417,20240032,2023-12-29,褐根病,2023,中山區
121.525771,25.069417,20240033,2023-12-29,褐根病,2023,中山區
121.582193,25.037878,20240006,2024-01-02,褐根病,2024,信義區
121.582193,25.037878,20240007,2024-01-02,褐根病,2024,信義區
121.579012,25.039001,20240059,2024-01-05,褐根病,2024,信義區
121.48785,25.103222,20240074,2024-01-05,褐根病,2024,士林區
121.48785,25.103222,20240073,2024-01-05,褐根病,2024,士林區
121.591423,25.045341,20240067,2024-01-05,褐根病,2024,南港區
121.48785,25.103222,20240072,2024-01-05,褐根病,2024,士林區
121.51902,25.108086,20240088,2024-01-08,褐根病,2024,北投區
121.591423,25.045341,20240123,2024-01-10,褐根病,2024,南港區
121.536021,25.073341,20240145,2024-01-17,褐根病,2024,中山區
121.522895,25.079835,20240157,2024-01-19,褐根病,2024,士林區
121.509459,25.040493,20240158,2024-01-19,褐根病,2024,中正區
121.513529,25.120537,20240160,2024-01-19,褐根病,2024,北投區
121.484511,25.139645,20240161,2024-01-19,褐根病,2024,北投區
121.484511,25.139645,20240162,2024-01-19,褐根病,2024,北投區
121.549018,25.023718,20240167,2024-01-22,褐根病,2024,大安區
121.549749,25.079443,20240178,2024-01-24,褐根病,2024,中山區
121.586021,25.045856,20240187,2024-01-24,褐根病,2024,南港區
121.513415,25.064063,20240188,2024-01-25,褐根病,2024,大同區
121.513415,25.064063,20240189,2024-01-25,褐根病,2024,大同區
121.536612,25.001984,20240207,2024-01-30,褐根病,2024,文山區
121.549007,24.996833,20240231,2024-02-05,褐根病,2024,文山區
121.549007,24.996833,20240233,2024-02-05,褐根病,2024,文山區
121.549007,24.996833,20240234,2024-02-05,褐根病,2024,文山區
121.549007,24.996833,20240236,2024-02-06,褐根病,2024,文山區
121.558024,25.061362,20240393,2024-02-07,褐根病,2024,松山區
121.530187,25.049814,20240302,2024-02-16,褐根病,2024,中山區
121.530187,25.049814,20240301,2024-02-16,褐根病,2024,中山區
121.533265,25.028223,20240539,2024-02-24,褐根病,2024,大安區
121.529449,25.013946,20240824,2024-02-27,褐根病,2024,中正區
121.536989,25.045973,20241018,2024-03-07,褐根病,2024,中山區
121.536989,25.045973,20241015,2024-03-07,褐根病,2024,中山區
121.536989,25.045973,20241013,2024-03-07,褐根病,2024,中山區
121.512473,25.030196,20241170,2024-03-11,褐根病,2024,中正區
121.512473,25.030196,20241169,2024-03-11,褐根病,2024,中正區
121.512473,25.030196,20241168,2024-03-11,褐根病,2024,中正區
121.512473,25.030196,20241167,2024-03-11,褐根病,2024,中正區
121.462645,25.119891,20241054,2024-03-12,褐根病,2024,北投區
121.592961,25.042909,20241052,2024-03-12,褐根病,2024,南港區
121.55786,25.040097,20241155,2024-03-19,褐根病,2024,信義區
121.55786,25.040097,20241154,2024-03-19,褐根病,2024,信義區
121.55786,25.040097,20241156,2024-03-19,褐根病,2024,信義區
121.503459,25.018684,20241174,2024-03-22,褐根病,2024,萬華區
121.51693,25.073279,20241177,2024-03-22,褐根病,2024,大同區
121.55054,25.059149,20241176,2024-03-22,褐根病,2024,松山區
121.558782,25.037334,20241245,2024-03-25,褐根病,2024,信義區
121.584201,25.000786,20241178,2024-03-25,褐根病,2024,文山區
121.532883,25.06866,20241358,2024-03-26,褐根病,2024,中山區
121.532885,25.06866,20241359,2024-03-26,褐根病,2024,中山區
121.521796,25.112129,20241398,2024-03-29,褐根病,2024,北投區
121.521796,25.112129,20241397,2024-03-29,褐根病,2024,北投區
121.521796,25.112129,20241393,2024-03-29,褐根病,2024,北投區
121.493003,25.017835,20241423,2024-03-29,褐根病,2024,萬華區
121.490735,25.018824,20241424,2024-03-29,褐根病,2024,萬華區
121.561881,25.001739,20241435,2024-04-02,褐根病,2024,文山區
121.514759,25.105917,20241437,2024-04-03,褐根病,2024,北投區
121.462636,25.118933,20241439,2024-04-08,褐根病,2024,北投區
121.560378,25.060694,20241465,2024-04-11,褐根病,2024,松山區
121.522284,25.109841,20241449,2024-04-12,褐根病,2024,北投區
121.522284,25.109841,20241450,2024-04-12,褐根病,2024,北投區
121.565742,25.083826,20241454,2024-04-12,褐根病,2024,內湖區
121.565742,25.083826,20241456,2024-04-12,褐根病,2024,內湖區
121.565742,25.083826,20241457,2024-04-12,褐根病,2024,內湖區
121.565742,25.083826,20241458,2024-04-12,褐根病,2024,內湖區
121.555054,25.077598,20241501,2024-04-19,褐根病,2024,中山區
121.52221,25.06684,20241505,2024-04-19,褐根病,2024,中山區
121.52221,25.06684,20241506,2024-04-19,褐根病,2024,中山區
121.502965,25.100615,20241523,2024-04-19,褐根病,2024,北投區
121.55218,25.056511,20241526,2024-04-22,褐根病,2024,松山區
121.531261,25.021192,20241539,2024-04-24,褐根病,2024,大安區
121.531261,25.021192,20241540,2024-04-24,褐根病,2024,大安區
121.537707,25.034842,20241541,2024-04-24,褐根病,2024,大安區
121.537707,25.034842,20241542,2024-04-24,褐根病,2024,大安區
121.537707,25.034842,20241543,2024-04-24,褐根病,2024,大安區
121.520911,25.020121,20241548,2024-04-26,褐根病,2024,中正區
121.506557,25.050612,20241587,2024-05-03,褐根病,2024,大同區
121.508842,25.128465,20241612,2024-05-09,褐根病,2024,北投區
121.505277,25.023045,20241617,2024-05-10,褐根病,2024,萬華區
121.574315,25.05554,20241679,2024-05-10,褐根病,2024,內湖區
121.578151,25.055784,20241677,2024-05-10,褐根病,2024,內湖區
121.574121,25.054607,20241678,2024-05-10,褐根病,2024,內湖區
121.542877,25.012405,20241631,2024-05-14,褐根病,2024,大安區
121.542877,25.012405,20241632,2024-05-14,褐根病,2024,大安區
121.542877,25.012405,20241633,2024-05-14,褐根病,2024,大安區
121.542877,25.012405,20241634,2024-05-14,褐根病,2024,大安區
121.542877,25.012405,20241635,2024-05-14,褐根病,2024,大安區
121.555538,24.983584,20241640,2024-05-14,褐根病,2024,文山區
121.555538,24.983584,20241641,2024-05-14,褐根病,2024,文山區
121.555538,24.983584,20241642,2024-05-14,褐根病,2024,文山區
121.58356,25.055233,20241687,2024-05-14,褐根病,2024,內湖區
121.585157,25.068892,20241686,2024-05-14,褐根病,2024,內湖區
121.58432,25.05555,20241685,2024-05-14,褐根病,2024,內湖區
121.584142,25.055497,20241684,2024-05-14,褐根病,2024,內湖區
121.588068,25.057355,20241683,2024-05-14,褐根病,2024,內湖區
121.586299,25.068971,20241682,2024-05-14,褐根病,2024,內湖區
121.586299,25.069012,20241681,2024-05-14,褐根病,2024,內湖區
121.575976,25.052908,20241680,2024-05-14,褐根病,2024,內湖區
121.532336,25.065372,20241726,2024-05-16,褐根病,2024,中山區
121.509078,25.14093,20241672,2024-05-17,褐根病,2024,北投區
121.509078,25.14093,20241673,2024-05-17,褐根病,2024,北投區
121.521026,25.033275,20241695,2024-05-21,褐根病,2024,中正區
121.521026,25.033275,20241696,2024-05-21,褐根病,2024,中正區
121.51926,25.034573,20241697,2024-05-21,褐根病,2024,中正區
121.589302,25.031628,20241729,2024-05-23,褐根病,2024,信義區
121.558947,25.06054,20241728,2024-05-23,褐根病,2024,松山區
121.548611,25.027932,20241730,2024-05-28,褐根病,2024,大安區
121.52071,25.07162,20241781,2024-05-31,褐根病,2024,中山區
121.522983,25.040861,20241798,2024-06-07,褐根病,2024,中正區
121.523993,25.146145,20241799,2024-06-07,褐根病,2024,北投區
121.523993,25.146145,20241800,2024-06-07,褐根病,2024,北投區
121.575369,24.991222,20241802,2024-06-07,褐根病,2024,文山區
121.587121,25.056843,20241880,2024-06-10,褐根病,2024,內湖區
121.50487,25.025186,20241822,2024-06-14,褐根病,2024,萬華區
121.559666,25.059965,20241889,2024-06-14,褐根病,2024,松山區
121.559688,25.05997,20241888,2024-06-14,褐根病,2024,松山區
121.530199,25.105025,20241881,2024-06-16,褐根病,2024,士林區
121.542214,25.059834,20241882,2024-06-18,褐根病,2024,中山區
121.520277,25.027302,20241844,2024-06-19,褐根病,2024,中正區
121.538459,25.0368,20241859,2024-06-21,褐根病,2024,大安區
121.538459,25.0368,20241860,2024-06-21,褐根病,2024,大安區
121.538459,25.0368,20241861,2024-06-21,褐根病,2024,大安區
121.538459,25.0368,20241865,2024-06-21,褐根病,2024,大安區
121.538459,25.0368,20241866,2024-06-21,褐根病,2024,大安區
121.538459,25.0368,20241867,2024-06-21,褐根病,2024,大安區
121.538459,25.0368,20241869,2024-06-21,褐根病,2024,大安區
121.538459,25.0368,20241870,2024-06-21,褐根病,2024,大安區
121.538459,25.0368,20241871,2024-06-21,褐根病,2024,大安區
121.538459,25.0368,20241873,2024-06-21,褐根病,2024,大安區
121.575369,24.991222,20241875,2024-06-21,褐根病,2024,文山區
121.538459,25.0368,20241864,2024-06-21,褐根病,2024,大安區
121.538459,25.0368,20241858,2024-06-21,褐根病,2024,大安區
121.502585,25.038589,20241898,2024-06-26,褐根病,2024,萬華區
121.502601,25.038665,20241899,2024-06-26,褐根病,2024,萬華區
121.509822,25.026374,20241900,2024-06-26,褐根病,2024,中正區
121.492791,25.03411,20241901,2024-06-26,褐根病,2024,萬華區
121.498132,25.030846,20241907,2024-06-27,褐根病,2024,萬華區
121.563513,24.987459,20241912,2024-06-27,褐根病,2024,文山區
121.563513,24.987459,20241913,2024-06-27,褐根病,2024,文山區
121.563513,24.987459,20241914,2024-06-27,褐根病,2024,文山區
121.563513,24.987459,20241916,2024-06-27,褐根病,2024,文山區
121.552029,25.071645,20241917,2024-06-27,褐根病,2024,松山區
121.536019,25.073336,20241920,2024-06-28,褐根病,2024,中山區
121.536019,25.073336,20241921,2024-06-28,褐根病,2024,中山區
121.536019,25.073336,20241922,2024-06-28,褐根病,2024,中山區
121.536019,25.073336,20241923,2024-06-28,褐根病,2024,中山區
121.585902,25.077126,20241926,2024-06-28,褐根病,2024,內湖區
121.520529,25.070377,20241927,2024-06-28,褐根病,2024,中山區
121.536019,25.073336,20241919,2024-06-28,褐根病,2024,中山區
121.536019,25.073336,20241918,2024-06-28,褐根病,2024,中山區
121.484467,25.139715,20241929,2024-07-01,褐根病,2024,北投區
121.484467,25.139715,20241930,2024-07-01,褐根病,2024,北投區
121.484467,25.139715,20241931,2024-07-01,褐根病,2024,北投區
121.516015,25.042726,20241934,2024-07-02,褐根病,2024,中正區
121.516088,25.042703,20241935,2024-07-02,褐根病,2024,中正區
121.539897,25.031564,20241936,2024-07-02,褐根病,2024,大安區
121.56351,25.079394,20242013,2024-07-02,褐根病,2024,中山區
121.562094,25.081388,20242014,2024-07-02,褐根病,2024,中山區
121.579785,25.070113,20242015,2024-07-02,褐根病,2024,內湖區
121.580789,25.079228,20242016,2024-07-02,褐根病,2024,內湖區
121.602361,25.068605,20242017,2024-07-02,褐根病,2024,內湖區
121.575205,25.078429,20242018,2024-07-02,褐根病,2024,內湖區
121.620544,25.075229,20242021,2024-07-02,褐根病,2024,內湖區
121.564377,25.054085,20241991,2024-07-04,褐根病,2024,松山區
121.587682,25.044994,20241960,2024-07-05,褐根病,2024,南港區
121.587682,25.044994,20241959,2024-07-05,褐根病,2024,南港區
121.587682,25.044994,20241957,2024-07-05,褐根病,2024,南港區
121.567023,25.061356,20241994,2024-07-05,褐根病,2024,松山區
121.566158,25.060275,20241975,2024-07-08,褐根病,2024,松山區
121.515533,25.036159,20241977,2024-07-08,褐根病,2024,中正區
121.566158,25.060275,20241974,2024-07-08,褐根病,2024,松山區
121.566158,25.060275,20241973,2024-07-08,褐根病,2024,松山區
121.515533,25.036159,20241972,2024-07-08,褐根病,2024,中正區
121.515533,25.036159,20241968,2024-07-08,褐根病,2024,中正區
121.515533,25.036159,20241969,2024-07-08,褐根病,2024,中正區
121.515533,25.036159,20241970,2024-07-08,褐根病,2024,中正區
121.515533,25.036159,20241971,2024-07-08,褐根病,2024,中正區
121.544688,25.081308,20241995,2024-07-09,褐根病,2024,中山區
121.569352,25.001088,20241993,2024-07-09,褐根病,2024,文山區
121.555477,25.103567,20241997,2024-07-10,褐根病,2024,士林區
121.555477,25.103567,20241998,2024-07-11,褐根病,2024,士林區
121.531812,25.110586,20242009,2024-07-12,褐根病,2024,士林區
121.559703,24.987261,20242012,2024-07-15,褐根病,2024,文山區
121.559714,24.987188,20242036,2024-07-17,褐根病,2024,文山區
121.55706,24.987541,20242037,2024-07-17,褐根病,2024,文山區
121.538459,25.0368,20242038,2024-07-17,褐根病,2024,大安區
121.538459,25.0368,20242039,2024-07-17,褐根病,2024,大安區
121.538459,25.0368,20242040,2024-07-17,褐根病,2024,大安區
121.538459,25.0368,20242041,2024-07-17,褐根病,2024,大安區
121.543188,25.031411,20242044,2024-07-18,褐根病,2024,大安區
121.543188,25.031411,20242045,2024-07-18,褐根病,2024,大安區
121.543188,25.031411,20242046,2024-07-18,褐根病,2024,大安區
121.543188,25.031411,20242047,2024-07-18,褐根病,2024,大安區
121.543188,25.031411,20242048,2024-07-18,褐根病,2024,大安區
121.543188,25.031411,20242049,2024-07-18,褐根病,2024,大安區
121.543188,25.031411,20242050,2024-07-18,褐根病,2024,大安區
121.543188,25.031411,20242051,2024-07-18,褐根病,2024,大安區
121.543188,25.031411,20242052,2024-07-18,褐根病,2024,大安區
121.543188,25.031411,20242053,2024-07-18,褐根病,2024,大安區
121.543188,25.031411,20242055,2024-07-18,褐根病,2024,大安區
121.543188,25.031411,20242056,2024-07-18,褐根病,2024,大安區
121.543188,25.031411,20242057,2024-07-18,褐根病,2024,大安區
121.543188,25.031411,20242058,2024-07-18,褐根病,2024,大安區
121.543188,25.031411,20242059,2024-07-18,褐根病,2024,大安區
121.543188,25.031411,20242060,2024-07-18,褐根病,2024,大安區
121.543188,25.031411,20242061,2024-07-19,褐根病,2024,大安區
121.529685,25.104974,20242062,2024-07-19,褐根病,2024,士林區
121.549042,24.995751,20242087,2024-07-22,褐根病,2024,文山區
121.549042,24.995751,20242089,2024-07-22,褐根病,2024,文山區
121.549042,24.995751,20242086,2024-07-22,褐根病,2024,文山區
121.549042,24.995751,20242091,2024-07-22,褐根病,2024,文山區
121.549042,24.995751,20242085,2024-07-22,褐根病,2024,文山區
121.549042,24.995751,20242084,2024-07-22,褐根病,2024,文山區
121.549042,24.995751,20242083,2024-07-22,褐根病,2024,文山區
121.572249,25.035641,20242081,2024-07-22,褐根病,2024,信義區
121.572249,25.035641,20242080,2024-07-22,褐根病,2024,信義區
121.572249,25.035641,20242079,2024-07-22,褐根病,2024,信義區
121.549841,25.038223,20242077,2024-07-22,褐根病,2024,大安區
121.549042,24.995751,20242090,2024-07-22,褐根病,2024,文山區
121.554617,25.01304,20242099,2024-07-26,褐根病,2024,大安區
121.554617,25.01304,20242098,2024-07-26,褐根病,2024,大安區
121.554617,25.01304,20242097,2024-07-26,褐根病,2024,大安區
121.575369,24.991222,20242120,2024-07-29,褐根病,2024,文山區
121.532826,25.031131,20242126,2024-07-30,褐根病,2024,大安區
121.532826,25.031131,20242127,2024-07-30,褐根病,2024,大安區
121.532826,25.031131,20242128,2024-07-30,褐根病,2024,大安區
121.522429,25.023302,20242133,2024-07-30,褐根病,2024,中正區
121.522429,25.023302,20242134,2024-07-30,褐根病,2024,中正區
121.532826,25.031131,20242125,2024-07-30,褐根病,2024,大安區
121.532826,25.031131,20242124,2024-07-30,褐根病,2024,大安區
121.53603,25.098434,20242154,2024-08-02,褐根病,2024,士林區
121.522848,25.110397,20242225,2024-08-08,褐根病,2024,士林區
121.534167,25.055515,20242226,2024-08-09,褐根病,2024,中山區
121.559239,25.006222,20242228,2024-08-09,褐根病,2024,文山區
121.559239,25.006222,20242227,2024-08-09,褐根病,2024,文山區
121.578101,25.070409,20242232,2024-08-13,褐根病,2024,內湖區
121.578101,25.070409,20242233,2024-08-13,褐根病,2024,內湖區
121.518064,25.076034,20242248,2024-08-15,褐根病,2024,大同區
121.559059,25.059192,20242266,2024-08-19,褐根病,2024,松山區
121.558976,25.05944,20242267,2024-08-19,褐根病,2024,松山區
121.558992,25.059056,20242268,2024-08-19,褐根病,2024,松山區
121.585902,25.077126,20242259,2024-08-20,褐根病,2024,內湖區
121.585902,25.077126,20242260,2024-08-20,褐根病,2024,內湖區
121.578101,25.070409,20242261,2024-08-20,褐根病,2024,內湖區
121.597402,25.065669,20242262,2024-08-20,褐根病,2024,內湖區
121.514363,25.025137,20242277,2024-08-22,褐根病,2024,中正區
121.514363,25.025137,20242278,2024-08-22,褐根病,2024,中正區
121.514363,25.025137,20242279,2024-08-22,褐根病,2024,中正區
121.514363,25.025137,20242280,2024-08-22,褐根病,2024,中正區
121.514363,25.025137,20242281,2024-08-22,褐根病,2024,中正區
121.514363,25.025137,20242282,2024-08-22,褐根病,2024,中正區
121.534849,25.023869,20242286,2024-08-23,褐根病,2024,大安區
121.512304,25.030762,20242340,2024-08-24,褐根病,2024,中正區
121.512304,25.030762,20242339,2024-08-24,褐根病,2024,中正區
121.512304,25.030762,20242338,2024-08-24,褐根病,2024,中正區
121.512304,25.030762,20242337,2024-08-24,褐根病,2024,中正區
121.512304,25.030762,20242336,2024-08-24,褐根病,2024,中正區
121.578829,25.033536,20242317,2024-08-29,褐根病,2024,信義區
121.578829,25.033536,20242316,2024-08-29,褐根病,2024,信義區
121.578829,25.033536,20242318,2024-08-29,褐根病,2024,信義區
121.578829,25.033536,20242319,2024-08-29,褐根病,2024,信義區
121.578829,25.033536,20242320,2024-08-29,褐根病,2024,信義區
121.578829,25.033536,20242321,2024-08-29,褐根病,2024,信義區
121.578829,25.033536,20242322,2024-08-29,褐根病,2024,信義區
121.578829,25.033536,20242323,2024-08-29,褐根病,2024,信義區
121.578829,25.033536,20242324,2024-08-29,褐根病,2024,信義區
121.578829,25.033536,20242325,2024-08-29,褐根病,2024,信義區
121.578829,25.033536,20242326,2024-08-29,褐根病,2024,信義區
121.578829,25.033536,20242327,2024-08-29,褐根病,2024,信義區
121.544725,25.06637,20242347,2024-09-02,褐根病,2024,松山區
121.503404,25.024799,20242350,2024-09-02,褐根病,2024,萬華區
121.578101,25.070409,20242371,2024-09-05,褐根病,2024,內湖區
121.53003,25.097926,20242375,2024-09-05,褐根病,2024,士林區
121.53524,25.055002,20242376,2024-09-05,褐根病,2024,中山區
121.53524,25.055002,20242377,2024-09-05,褐根病,2024,中山區
121.53524,25.055002,20242378,2024-09-05,褐根病,2024,中山區
121.53524,25.055002,20242379,2024-09-05,褐根病,2024,中山區
121.53524,25.055002,20242381,2024-09-06,褐根病,2024,中山區
121.53524,25.055002,20242382,2024-09-06,褐根病,2024,中山區
121.53524,25.055002,20242383,2024-09-06,褐根病,2024,中山區
121.53524,25.055002,20242384,2024-09-06,褐根病,2024,中山區
121.53524,25.055002,20242385,2024-09-06,褐根病,2024,中山區
121.560627,25.043836,20242396,2024-09-09,褐根病,2024,信義區
121.5317,25.07,20242398,2024-09-09,褐根病,2024,中山區
121.5323,25.0687,20242399,2024-09-09,褐根病,2024,中山區
121.602302,25.055523,20242397,2024-09-10,褐根病,2024,南港區
121.5291,25.0533,20242477,2024-09-11,褐根病,2024,中山區
121.5291,25.0533,20242478,2024-09-11,褐根病,2024,中山區
121.561494,25.059827,20242418,2024-09-11,褐根病,2024,松山區
121.561494,25.059827,20242417,2024-09-11,褐根病,2024,松山區
121.551977,25.059023,20242416,2024-09-11,褐根病,2024,松山區
121.548707,25.052525,20242415,2024-09-11,褐根病,2024,松山區
121.535287,25.147165,20242423,2024-09-14,褐根病,2024,北投區
121.547444,25.019605,20242426,2024-09-16,褐根病,2024,大安區
121.547444,25.019605,20242425,2024-09-16,褐根病,2024,大安區
121.547444,25.019605,20242428,2024-09-16,褐根病,2024,大安區
121.547444,25.019605,20242424,2024-09-16,褐根病,2024,大安區
121.559239,25.006222,20242440,2024-09-18,褐根病,2024,文山區
121.53576,25.0626,20242448,2024-09-19,褐根病,2024,中山區
121.548632,25.029131,20242455,2024-09-20,褐根病,2024,大安區
121.585788,25.056203,20242617,2024-09-23,褐根病,2024,內湖區
121.587285,25.056943,20242618,2024-09-23,褐根病,2024,內湖區
121.55588,25.05505,20242619,2024-09-23,褐根病,2024,松山區
121.55584,25.055203,20242620,2024-09-23,褐根病,2024,松山區
121.577905,25.051737,20242621,2024-09-23,褐根病,2024,松山區
121.569734,25.057725,20242622,2024-09-23,褐根病,2024,松山區
121.56902,25.061939,20242623,2024-09-23,褐根病,2024,松山區
121.569734,25.057725,20242624,2024-09-23,褐根病,2024,松山區
121.570304,25.054325,20242625,2024-09-23,褐根病,2024,松山區
121.570361,25.053861,20242626,2024-09-23,褐根病,2024,松山區
121.542568,25.136306,20242482,2024-09-24,褐根病,2024,士林區
121.530093,25.091156,20242506,2024-09-25,褐根病,2024,士林區
121.54648,25.030976,20242509,2024-09-26,褐根病,2024,大安區
121.484421,25.135125,20242514,2024-09-27,褐根病,2024,北投區
121.5262,25.1123,20242516,2024-09-27,褐根病,2024,士林區
121.523055,25.08701,20242591,2024-10-01,褐根病,2024,士林區
121.516737,25.06932,20242593,2024-10-01,褐根病,2024,大同區
121.516737,25.06932,20242594,2024-10-01,褐根病,2024,大同區
121.523055,25.08701,20242589,2024-10-01,褐根病,2024,士林區
121.523055,25.08701,20242588,2024-10-01,褐根病,2024,士林區
121.523055,25.08701,20242587,2024-10-01,褐根病,2024,士林區
121.523055,25.08701,20242584,2024-10-01,褐根病,2024,士林區
121.523055,25.08701,20242590,2024-10-01,褐根病,2024,士林區
121.554481,25.046403,20242615,2024-10-04,褐根病,2024,松山區
121.542937,24.993057,20242606,2024-10-04,褐根病,2024,文山區
121.534167,25.055515,20242630,2024-10-07,褐根病,2024,中山區
121.534167,25.055515,20242631,2024-10-07,褐根病,2024,中山區
121.538723,25.098564,20242656,2024-10-14,褐根病,2024,士林區
121.521534,25.034751,20242681,2024-10-14,褐根病,2024,中正區
121.523055,25.08701,20242686,2024-10-16,褐根病,2024,士林區
121.523055,25.08701,20242687,2024-10-16,褐根病,2024,士林區
121.524912,25.116922,20242698,2024-10-17,褐根病,2024,士林區
121.58934,25.066742,20242699,2024-10-17,褐根病,2024,內湖區
121.524912,25.116922,20242700,2024-10-17,褐根病,2024,士林區
121.578101,25.070409,20242701,2024-10-17,褐根病,2024,內湖區
121.59239,25.063271,20242703,2024-10-17,褐根病,2024,內湖區
121.59239,25.063271,20242704,2024-10-17,褐根病,2024,內湖區
121.498925,25.146393,20242705,2024-10-17,褐根病,2024,北投區
121.524912,25.116922,20242697,2024-10-17,褐根病,2024,士林區
121.531569,25.069582,20242758,2024-10-18,褐根病,2024,中山區
121.561172,24.980118,20242717,2024-10-21,褐根病,2024,文山區
121.505972,25.050103,20242735,2024-10-23,褐根病,2024,大同區
121.526259,25.01938,20242738,2024-10-23,褐根病,2024,中正區
121.522908,25.079837,20242755,2024-10-25,褐根病,2024,士林區
121.523624,25.070811,20242759,2024-10-26,褐根病,2024,中山區
121.497156,25.027999,20242760,2024-10-28,褐根病,2024,萬華區
121.552237,24.989604,20242768,2024-10-29,褐根病,2024,文山區
121.602114,25.056054,20242772,2024-10-29,褐根病,2024,南港區
121.579886,25.043106,20242778,2024-10-30,褐根病,2024,信義區
121.579886,25.043106,20242781,2024-10-31,褐根病,2024,信義區
121.526259,25.01938,20242803,2024-11-02,褐根病,2024,中正區
121.558851,25.000537,20242815,2024-11-05,褐根病,2024,文山區
121.558851,25.000537,20242814,2024-11-05,褐根病,2024,文山區
121.558851,25.000537,20242813,2024-11-05,褐根病,2024,文山區
121.529818,25.091297,20242828,2024-11-07,褐根病,2024,士林區
121.529818,25.091297,20242829,2024-11-07,褐根病,2024,士林區
121.530073,25.09113,20242827,2024-11-07,褐根病,2024,士林區
121.529516,25.016131,20242901,2024-11-15,褐根病,2024,中正區
121.5044,25.125611,20242928,2024-11-25,褐根病,2024,北投區
121.565369,25.060277,20242933,2024-11-26,褐根病,2024,松山區
121.520419,25.036453,20242972,2024-11-28,褐根病,2024,中正區
121.520419,25.036453,20242971,2024-11-28,褐根病,2024,中正區
121.521163,25.033282,20242970,2024-11-28,褐根病,2024,中正區
121.538492,25.098759,20242974,2024-12-02,褐根病,2024,士林區
121.538492,25.098759,20242975,2024-12-02,褐根病,2024,士林區
121.538492,25.098759,20242976,2024-12-02,褐根病,2024,士林區
121.530733,25.092963,20242977,2024-12-02,褐根病,2024,士林區
121.530733,25.092963,20242978,2024-12-02,褐根病,2024,士林區
121.587121,25.056843,20243059,2024-12-06,褐根病,2024,內湖區
121.587121,25.056843,20243060,2024-12-06,褐根病,2024,內湖區
121.587121,25.056843,20243063,2024-12-06,褐根病,2024,內湖區
121.587132,25.069037,20243057,2024-12-06,褐根病,2024,內湖區
121.620544,25.075229,20243058,2024-12-06,褐根病,2024,內湖區
121.534764,25.000196,20243031,2024-12-10,褐根病,2024,文山區
121.61357,25.04914,20243034,2024-12-11,褐根病,2024,南港區
121.504203,25.12697,20243035,2024-12-11,褐根病,2024,北投區
121.524908,25.093314,20243042,2024-12-12,褐根病,2024,士林區
121.535277,25.098253,20243045,2024-12-13,褐根病,2024,士林區
121.535277,25.098253,20243044,2024-12-13,褐根病,2024,士林區
121.535277,25.098253,20243043,2024-12-13,褐根病,2024,士林區
121.503217,25.123059,20243073,2024-12-15,褐根病,2024,北投區
121.540378,25.050489,20243049,2024-12-16,褐根病,2024,中山區
121.530588,25.020545,20243052,2024-12-17,褐根病,2024,大安區
121.530588,25.020545,20243053,2024-12-17,褐根病,2024,大安區
121.51895,25.05884,20243086,2024-12-25,褐根病,2024,大同區
121.548497,25.042327,20243087,2024-12-26,褐根病,2024,大安區
121.525664,25.047268,20243089,2024-12-26,褐根病,2024,中正區
121.531229,25.069974,20250007,2024-12-26,褐根病,2024,中山區
121.529396,25.09044,20243095,2024-12-31,褐根病,2024,士林區
121.496097,25.032762,20243093,2024-12-31,褐根病,2024,萬華區
121.523811,25.042394,20250010,2025-01-03,褐根病,2025,中正區
121.523811,25.042394,20250011,2025-01-03,褐根病,2025,中正區
121.510136,25.031343,20250061,2025-01-07,褐根病,2025,中正區
121.54959,25.110548,20250081,2025-01-10,褐根病,2025,士林區
121.525323,25.020129,20250057,2025-01-10,褐根病,2025,中正區
121.52941,25.090428,20250059,2025-01-10,褐根病,2025,士林區
121.52941,25.090428,20250060,2025-01-10,褐根病,2025,士林區
121.618745,25.054112,20250065,2025-01-10,褐根病,2025,南港區
121.618745,25.054112,20250066,2025-01-10,褐根病,2025,南港區
121.618745,25.054112,20250067,2025-01-10,褐根病,2025,南港區
121.618745,25.054112,20250068,2025-01-10,褐根病,2025,南港區
121.618745,25.054112,20250069,2025-01-10,褐根病,2025,南港區
121.618745,25.054112,20250070,2025-01-10,褐根病,2025,南港區
121.618745,25.054112,20250071,2025-01-10,褐根病,2025,南港區
121.618745,25.054112,20250072,2025-01-10,褐根病,2025,南港區
121.618745,25.054112,20250073,2025-01-10,褐根病,2025,南港區
121.618745,25.054112,20250074,2025-01-10,褐根病,2025,南港區
121.618745,25.054112,20250075,2025-01-10,褐根病,2025,南港區
121.618745,25.054112,20250076,2025-01-10,褐根病,2025,南港區
121.606716,25.057617,20250063,2025-01-13,褐根病,2025,南港區
121.533967,25.054842,20250080,2025-01-14,褐根病,2025,中山區
121.565648,25.001654,20250118,2025-01-21,褐根病,2025,文山區
121.55159,24.999921,20250119,2025-01-21,褐根病,2025,文山區
121.537923,25.098329,20250120,2025-01-21,褐根病,2025,士林區
121.549748,25.019504,20250121,2025-01-21,褐根病,2025,大安區
121.585902,25.077126,20250142,2025-02-05,褐根病,2025,內湖區
121.585902,25.077126,20250141,2025-02-05,褐根病,2025,內湖區
121.484485,25.139704,20250213,2025-02-10,褐根病,2025,北投區
121.544615,25.139623,20250219,2025-02-12,褐根病,2025,士林區
121.534167,25.055515,20250249,2025-02-20,褐根病,2025,中山區
121.495843,25.03264,20250277,2025-02-25,褐根病,2025,萬華區
121.554419,25.101924,20250288,2025-02-25,褐根病,2025,士林區
121.503391,25.030661,20250287,2025-02-25,褐根病,2025,萬華區
121.54341,25.078508,20250278,2025-02-26,褐根病,2025,中山區
121.54341,25.078508,20250279,2025-02-26,褐根病,2025,中山區
121.569929,25.108327,20250290,2025-03-03,褐根病,2025,士林區
121.540284,25.09769,20250291,2025-03-03,褐根病,2025,士林區
121.533941,25.022573,20250292,2025-03-03,褐根病,2025,大安區
121.533941,25.022573,20250293,2025-03-03,褐根病,2025,大安區
121.563537,25.035687,20250297,2025-03-03,褐根病,2025,信義區
121.563537,25.035687,20250302,2025-03-03,褐根病,2025,信義區
121.563537,25.035687,20250304,2025-03-03,褐根病,2025,信義區
121.578102,25.070413,20250306,2025-03-03,褐根病,2025,內湖區
121.520374,25.037551,20250312,2025-03-04,褐根病,2025,中正區
121.520374,25.037551,20250313,2025-03-04,褐根病,2025,中正區
121.520374,25.037551,20250314,2025-03-04,褐根病,2025,中正區
121.516242,25.064899,20250347,2025-03-04,褐根病,2025,大同區
121.516242,25.064899,20250346,2025-03-04,褐根病,2025,大同區
121.516242,25.064899,20250345,2025-03-04,褐根病,2025,大同區
121.516242,25.064899,20250344,2025-03-04,褐根病,2025,大同區
121.516242,25.064899,20250343,2025-03-04,褐根病,2025,大同區
121.516242,25.064899,20250342,2025-03-04,褐根病,2025,大同區
121.516242,25.064899,20250341,2025-03-04,褐根病,2025,大同區
121.516242,25.064899,20250340,2025-03-04,褐根病,2025,大同區
121.516242,25.064899,20250339,2025-03-04,褐根病,2025,大同區
121.516242,25.064899,20250338,2025-03-04,褐根病,2025,大同區
121.504598,25.036064,20250317,2025-03-05,褐根病,2025,萬華區
